﻿id;nom;prenom;email;age;ville;pays;note
54;Chauveau ;Susanne   ;susanne.chauveau@example.com   ;21;Potiernec                 ;Maroc;5.24
57;Petitjean;Nicolas   ;nicolas.petitjean@example.com  ;24;Bigot                     ;Maroc;6.22
63;Vallée   ;Claire    ;claire.vallée@example.com      ;21;Moreno-sur-Lemoine        ;Maroc;6.44
72;Pasquier ;Sylvie    ;sylvie.pasquier@example.com    ;25;Vasseurboeuf              ;Maroc;5.1
81;Vaillant ;Alice     ;alice.vaillant@example.com     ;18;Marques                   ;Maroc;6.3
90;Muller   ;Dominique ;dominique.muller@example.com   ;22;Hamon-sur-Vasseur         ;Maroc;5.19
105;Thomas   ;Juliette  ;juliette.thomas@example.com    ;23;Fischer-la-Forêt          ;Maroc;5.37
135;François ;Jacques   ;jacques.françois@example.com   ;25;Duhamel                   ;Maroc;6.3
171;Gautier  ;Maurice   ;maurice.gautier@example.com    ;22;Sainte Thibault           ;Maroc;6.59
177;Nicolas  ;Margot    ;margot.nicolas@example.com     ;21;Fabre                     ;Maroc;5.75
204;Da Silva ;Dorothée  ;dorothée.da silva@example.com  ;19;Gérard-sur-Mer            ;Maroc;6.92
228;Dupuy    ;Thérèse   ;thérèse.dupuy@example.com      ;21;Maillard                  ;Maroc;6.77
243;Auger    ;Rémy      ;rémy.auger@example.com         ;18;DuboisVille               ;Maroc;6.35
249;Bouvet   ;Théophile ;théophile.bouvet@example.com   ;24;Sainte Zacharie           ;Maroc;6.19
261;Toussaint;René      ;rené.toussaint@example.com     ;21;Dumas-les-Bains           ;Maroc;5.29
279;Laroche  ;Virginie  ;virginie.laroche@example.com   ;24;Fabre                     ;Maroc;5.11
285;Roger    ;Océane    ;océane.roger@example.com       ;24;Guilbert-sur-Diaz         ;Maroc;5.05
300;Pascal   ;Luc       ;luc.pascal@example.com         ;21;Marchal-sur-Louis         ;Maroc;6.4
309;Cohen    ;Margaret  ;margaret.cohen@example.com     ;23;Guillet-la-Forêt          ;Maroc;6.61
354;Diallo   ;Patrick   ;patrick.diallo@example.com     ;23;Voisin                    ;Maroc;5.71
396;Guérin   ;Luce      ;luce.guérin@example.com        ;23;Chevallier-sur-Legendre   ;Maroc;5.04
423;Torres   ;Éric      ;éric.torres@example.com        ;19;Renault                   ;Maroc;5.21
426;Gaillard ;Noël      ;noël.gaillard@example.com      ;23;Raymond                   ;Maroc;5.07
441;Vidal    ;Zoé       ;zoé.vidal@example.com          ;24;Guichard                  ;Maroc;5.68
450;Marchand ;Guy       ;guy.marchand@example.com       ;24;Alves                     ;Maroc;5.4
465;Gros     ;Camille   ;camille.gros@example.com       ;23;Legros-la-Forêt           ;Maroc;6.8
471;Martineau;Alexandrie;alexandrie.martineau@example.co;20;Saint Andrée-sur-Mer      ;Maroc;5.18
516;Didier   ;Alix      ;alix.didier@example.com        ;19;LeducVille                ;Maroc;6.72
546;Tessier  ;Alexandria;alexandria.tessier@example.com ;21;Pons                      ;Maroc;5.61
612;Charles  ;Audrey    ;audrey.charles@example.com     ;25;Marinnec                  ;Maroc;5.86
633;Rodrigues;Martine   ;martine.rodrigues@example.com  ;20;Alves                     ;Maroc;5.96
717;Besson   ;Bernard   ;bernard.besson@example.com     ;21;Lejeunedan                ;Maroc;6.38
723;Bigot    ;Hugues    ;hugues.bigot@example.com       ;19;Besson                    ;Maroc;6.02
756;Hardy    ;Adrien    ;adrien.hardy@example.com       ;18;Gonzalez                  ;Maroc;6.1
771;Étienne  ;Pierre    ;pierre.étienne@example.com     ;23;Bailly                    ;Maroc;5.08
777;Gomez    ;Astrid    ;astrid.gomez@example.com       ;21;Saint Simone              ;Maroc;5.34
816;Georges  ;Bernadette;bernadette.georges@example.com ;18;Hernandez                 ;Maroc;5.27
834;Legendre ;Timothée  ;timothée.legendre@example.com  ;20;Philippe                  ;Maroc;5.31
906;Pottier  ;Arnaude   ;arnaude.pottier@example.com    ;22;Dos Santos                ;Maroc;5.22
909;Royer    ;Tristan   ;tristan.royer@example.com      ;20;Leroux                    ;Maroc;6.41
933;Lecomte  ;Agathe    ;agathe.lecomte@example.com     ;20;Baron                     ;Maroc;6.55
939;Chrétien ;Tristan   ;tristan.chrétien@example.com   ;22;Dupré-la-Forêt            ;Maroc;5.67
951;Poulain  ;Valentine ;valentine.poulain@example.com  ;18;Bouvier-la-Forêt          ;Maroc;6.7
972;Durand   ;Corinne   ;corinne.durand@example.com     ;24;Boutin                    ;Maroc;6.31
1029;Besson   ;Éléonore  ;éléonore.besson@example.com    ;23;AubertBourg               ;Maroc;5.16
1047;Roussel  ;Robert    ;robert.roussel@example.com     ;18;Rivière                   ;Maroc;5.06
1050;Mace     ;Isaac     ;isaac.mace@example.com         ;23;Allardboeuf               ;Maroc;6.04
1122;Collin   ;William   ;william.collin@example.com     ;25;Raymond                   ;Maroc;6.77
1146;Carpentie;Bernard   ;bernard.carpentier@example.com ;19;Gaudin-les-Bains          ;Maroc;5.21
1155;Hernandez;Alex      ;alex.hernandez@example.com     ;23;Sainte Zacharienec        ;Maroc;5.89
1179;Raymond  ;Denise    ;denise.raymond@example.com     ;24;Fernandez                 ;Maroc;6.68
1182;Normand  ;David     ;david.normand@example.com      ;22;Pons-sur-Gaudin           ;Maroc;6.29
1191;Pereira  ;Madeleine ;madeleine.pereira@example.com  ;22;Labbé-les-Bains           ;Maroc;6.73
1260;Faure    ;Catherine ;catherine.faure@example.com    ;21;Turpin-sur-Petit          ;Maroc;5.93
1305;Huet     ;Christophe;christophe.huet@example.com    ;22;Le Gall                   ;Maroc;5.87
1308;Allain   ;Thibault  ;thibault.allain@example.com    ;22;Leduc                     ;Maroc;5.44
1323;Berger   ;Marianne  ;marianne.berger@example.com    ;24;Thibault                  ;Maroc;5.89
1329;Perrin   ;Arthur    ;arthur.perrin@example.com      ;25;Saint Gilles              ;Maroc;5.02
1347;Weber    ;Isaac     ;isaac.weber@example.com        ;20;Legrandnec                ;Maroc;5.36
1356;Colin    ;Christiane;christiane.colin@example.com   ;23;Sainte Cécile             ;Maroc;6.36
1359;Joly     ;Diane     ;diane.joly@example.com         ;21;Chrétiennec               ;Maroc;5.33
1401;Blondel  ;Martine   ;martine.blondel@example.com    ;24;Guyon                     ;Maroc;6.96
1443;Lejeune  ;Patricia  ;patricia.lejeune@example.com   ;22;Leconte-les-Bains         ;Maroc;6.96
1446;Mace     ;Audrey    ;audrey.mace@example.com        ;19;Sainte Charlesnec         ;Maroc;5.25
1467;Perrot   ;Adrienne  ;adrienne.perrot@example.com    ;22;Martin                    ;Maroc;5.53
1473;Roger    ;Augustin  ;augustin.roger@example.com     ;22;Sainte Jeanne             ;Maroc;6.28
1479;Boulanger;Hortense  ;hortense.boulanger@example.com ;25;Lemonniernec              ;Maroc;6.93
1506;Hebert   ;Marine    ;marine.hebert@example.com      ;25;Lagarde                   ;Maroc;6.54
1527;Marin    ;Geneviève ;geneviève.marin@example.com    ;20;Clément-les-Bains         ;Maroc;6.65
1542;Le Gall  ;Pierre    ;pierre.le gall@example.com     ;18;Germain-sur-Mer           ;Maroc;5.05
1554;Camus    ;Alix      ;alix.camus@example.com         ;25;Besnard                   ;Maroc;6.26
1569;Guibert  ;Jules     ;jules.guibert@example.com      ;22;Baron                     ;Maroc;5.93
1620;Lopez    ;Danielle  ;danielle.lopez@example.com     ;22;Barbier                   ;Maroc;5.88
1647;Camus    ;Théodore  ;théodore.camus@example.com     ;21;Valentin                  ;Maroc;5.29
1659;Perez    ;Audrey    ;audrey.perez@example.com       ;21;Sainte Christophe         ;Maroc;6.83
1668;Perret   ;Vincent   ;vincent.perret@example.com     ;21;Antoine                   ;Maroc;6.59
1671;Lebon    ;Gabriel   ;gabriel.lebon@example.com      ;23;Saint Renée               ;Maroc;6.58
1674;Fischer  ;Adrien    ;adrien.fischer@example.com     ;23;CoulonVille               ;Maroc;5.55
1677;Evrard   ;Jeanne    ;jeanne.evrard@example.com      ;21;Godard                    ;Maroc;5.8
1692;Marchal  ;Juliette  ;juliette.marchal@example.com   ;19;Legendre-les-Bains        ;Maroc;6.6
1698;Robert   ;Véronique ;véronique.robert@example.com   ;25;Hamon                     ;Maroc;6.33
1797;Leclerc  ;Agathe    ;agathe.leclerc@example.com     ;22;Guillot-les-Bains         ;Maroc;5.95
1818;Colas    ;Adrien    ;adrien.colas@example.com       ;19;Saint Frédéric            ;Maroc;5.47
1833;Marchand ;Alphonse  ;alphonse.marchand@example.com  ;24;Guibert                   ;Maroc;5.93
1869;Pons     ;Charles   ;charles.pons@example.com       ;23;Roger-la-Forêt            ;Maroc;6.05
1875;Bousquet ;Marcelle  ;marcelle.bousquet@example.com  ;19;Duhamel                   ;Maroc;5.69
1932;Lebrun   ;Colette   ;colette.lebrun@example.com     ;24;Jacquesboeuf              ;Maroc;6.16
1935;Guyot    ;Susan     ;susan.guyot@example.com        ;25;Marty-sur-Mer             ;Maroc;5.08
1938;Jean     ;Catherine ;catherine.jean@example.com     ;24;Germain                   ;Maroc;5.98
1962;Lecomte  ;Victoire  ;victoire.lecomte@example.com   ;23;Toussaint-sur-Alves       ;Maroc;6.38
1980;Pasquier ;Marguerite;marguerite.pasquier@example.com;18;Adamnec                   ;Maroc;5.39
2001;Munoz    ;Dorothée  ;dorothée.munoz@example.com     ;22;Sainte Benjaminboeuf      ;Maroc;6.85
2010;Guillet  ;Christelle;christelle.guillet@example.com ;23;Fournier                  ;Maroc;5.19
2022;Buisson  ;Susanne   ;susanne.buisson@example.com    ;18;GomesVille                ;Maroc;6.9
2034;Diaz     ;Geneviève ;geneviève.diaz@example.com     ;21;Bazin-sur-Samson          ;Maroc;6.98
2046;Bernard  ;Pénélope  ;pénélope.bernard@example.com   ;18;Turpinboeuf               ;Maroc;5.01
2067;Fouquet  ;Léon      ;léon.fouquet@example.com       ;24;Guillot                   ;Maroc;5.41
2103;Benoit   ;Inès      ;inès.benoit@example.com        ;23;Delorme                   ;Maroc;6.42
2115;Sanchez  ;Thibaut   ;thibaut.sanchez@example.com    ;22;Nguyen-sur-Joubert        ;Maroc;5.75
2130;Voisin   ;Marcel    ;marcel.voisin@example.com      ;24;Lopez                     ;Maroc;5.4
2151;Andre    ;Valentine ;valentine.andre@example.com    ;25;Lucasboeuf                ;Maroc;6.36
2154;Andre    ;Philippe  ;philippe.andre@example.com     ;23;Hervé                     ;Maroc;5.19
2166;Vincent  ;Lucy      ;lucy.vincent@example.com       ;21;Bruneau                   ;Maroc;5.98
2178;Hoarau   ;Guillaume ;guillaume.hoarau@example.com   ;20;Da Costadan               ;Maroc;6.08
2205;Cohen    ;Paulette  ;paulette.cohen@example.com     ;23;Carpentier                ;Maroc;6.49
2238;Brun     ;Paulette  ;paulette.brun@example.com      ;20;Sainte Lucie              ;Maroc;6.66
2277;Bonneau  ;Gabrielle ;gabrielle.bonneau@example.com  ;20;Rey                       ;Maroc;5.13
2283;Giraud   ;Catherine ;catherine.giraud@example.com   ;19;Renaultboeuf              ;Maroc;5.22
2310;Allain   ;Anastasie ;anastasie.allain@example.com   ;22;Couturier-sur-Hoareau     ;Maroc;6.75
2388;Schmitt  ;Céline    ;céline.schmitt@example.com     ;23;Brunet                    ;Maroc;6.92
2391;Étienne  ;Pénélope  ;pénélope.étienne@example.com   ;21;Paul-la-Forêt             ;Maroc;6.64
2403;Hoarau   ;Élodie    ;élodie.hoarau@example.com      ;19;Maurice-sur-Mer           ;Maroc;5.85
2439;Fouquet  ;Agathe    ;agathe.fouquet@example.com     ;19;Saint Gilbert-les-Bains   ;Maroc;5.98
2454;Blanchet ;Marine    ;marine.blanchet@example.com    ;25;Blin                      ;Maroc;6.13
2520;Albert   ;Aurélie   ;aurélie.albert@example.com     ;20;Fabre                     ;Maroc;6.36
2550;Da Costa ;Étienne   ;étienne.da costa@example.com   ;18;GarnierBourg              ;Maroc;6.95
2631;Joly     ;Luce      ;luce.joly@example.com          ;19;BoutinBourg               ;Maroc;5.42
2643;Aubert   ;Chantal   ;chantal.aubert@example.com     ;18;Pons-sur-Fouquet          ;Maroc;6.93
2652;Clerc    ;Alex      ;alex.clerc@example.com         ;18;Guyot                     ;Maroc;6.23
2655;Perez    ;Tristan   ;tristan.perez@example.com      ;20;Sainte Alfred             ;Maroc;5.28
2661;Vincent  ;Clémence  ;clémence.vincent@example.com   ;23;Peltier-sur-Roy           ;Maroc;6.08
2706;Perret   ;Robert    ;robert.perret@example.com      ;19;Simon                     ;Maroc;6.4
2712;Pires    ;Luce      ;luce.pires@example.com         ;23;Augernec                  ;Maroc;5.02
2715;Dupuy    ;Alexandre ;alexandre.dupuy@example.com    ;25;Pons-la-Forêt             ;Maroc;6.4
2739;Collin   ;Olivier   ;olivier.collin@example.com     ;18;Sainte Bertrand-la-Forêt  ;Maroc;6.92
2757;Lefebvre ;Lucie     ;lucie.lefebvre@example.com     ;21;DanielVille               ;Maroc;5.51
2796;Buisson  ;Grégoire  ;grégoire.buisson@example.com   ;24;Bertin                    ;Maroc;5.05
2802;Hoarau   ;Thibaut   ;thibaut.hoarau@example.com     ;18;Lacombe                   ;Maroc;5.48
2808;Hernandez;Inès      ;inès.hernandez@example.com     ;20;Mallet-sur-Mer            ;Maroc;5.19
2829;Jourdan  ;Zoé       ;zoé.jourdan@example.com        ;21;Regnier-sur-Mer           ;Maroc;6.12
2841;Bigot    ;Maryse    ;maryse.bigot@example.com       ;23;Langlois-les-Bains        ;Maroc;6.16
2844;Mendès   ;Aimée     ;aimée.mendès@example.com       ;25;Weber                     ;Maroc;6.14
2883;Girard   ;Caroline  ;caroline.girard@example.com    ;19;Petitjean                 ;Maroc;6.05
2898;Schneider;Denise    ;denise.schneider@example.com   ;24;Saint Emmanuel-les-Bains  ;Maroc;5.86
2901;Bègue    ;Diane     ;diane.bègue@example.com        ;18;Marchal                   ;Maroc;5.11
2922;Joly     ;Aimé      ;aimé.joly@example.com          ;18;Saint Suzanneboeuf        ;Maroc;5.57
2937;Faure    ;Bertrand  ;bertrand.faure@example.com     ;19;Saint Marcel              ;Maroc;6.36
2955;Perrot   ;Audrey    ;audrey.perrot@example.com      ;18;Sainte Amélie-la-Forêt    ;Maroc;6.92
2985;Leroy    ;Alfred    ;alfred.leroy@example.com       ;21;Sainte François-la-Forêt  ;Maroc;6.61
3003;Monnier  ;Paulette  ;paulette.monnier@example.com   ;25;Fernandez                 ;Maroc;5.26
3009;Vidal    ;Margaud   ;margaud.vidal@example.com      ;25;Saint Henrietteboeuf      ;Maroc;5.94
3027;Letellier;Patrick   ;patrick.letellier@example.com  ;25;Duranddan                 ;Maroc;6.74
3030;Guillon  ;Margot    ;margot.guillon@example.com     ;18;Besson                    ;Maroc;5.99
3039;Vaillant ;Anastasie ;anastasie.vaillant@example.com ;20;Sainte JulietteBourg      ;Maroc;5.65
3051;Andre    ;Marcelle  ;marcelle.andre@example.com     ;24;Gonzalez                  ;Maroc;5.92
3057;Rousseau ;Virginie  ;virginie.rousseau@example.com  ;25;Sainte Léon               ;Maroc;6.39
3063;Leclerc  ;Hortense  ;hortense.leclerc@example.com   ;19;Sainte Agnès              ;Maroc;6.25
3102;Huet     ;Alix      ;alix.huet@example.com          ;25;Duhamelboeuf              ;Maroc;6.6
3105;Hoarau   ;Gabriel   ;gabriel.hoarau@example.com     ;24;Dumont                    ;Maroc;6.98
3117;Delmas   ;Arthur    ;arthur.delmas@example.com      ;25;Saint Zacharie-sur-Mer    ;Maroc;5.41
3174;Le Goff  ;Lucy      ;lucy.le goff@example.com       ;18;Bourdon                   ;Maroc;6.65
3192;Briand   ;Valentine ;valentine.briand@example.com   ;20;Blinboeuf                 ;Maroc;5.86
3204;Diaz     ;Adrienne  ;adrienne.diaz@example.com      ;18;Tessier-sur-Lejeune       ;Maroc;5.12
3252;Rodriguez;Thierry   ;thierry.rodriguez@example.com  ;23;Pereznec                  ;Maroc;6.94
3258;Le Goff  ;Charlotte ;charlotte.le goff@example.com  ;22;Guibert-les-Bains         ;Maroc;5.62
3264;Normand  ;Virginie  ;virginie.normand@example.com   ;19;Mace                      ;Maroc;6.86
3282;Maury    ;Arthur    ;arthur.maury@example.com       ;25;Saint William             ;Maroc;6.73
3318;Dubois   ;Capucine  ;capucine.dubois@example.com    ;22;Lagardenec                ;Maroc;6.68
3339;Guérin   ;Daniel    ;daniel.guérin@example.com      ;23;Saint Nicolas-les-Bains   ;Maroc;5.56
3390;Chauvet  ;Alex      ;alex.chauvet@example.com       ;20;Maury-les-Bains           ;Maroc;5.64
3411;Maury    ;Anouk     ;anouk.maury@example.com        ;22;Lagarde-sur-Rocher        ;Maroc;6.4
3432;Benoit   ;Daniel    ;daniel.benoit@example.com      ;19;Pons-sur-Bourgeois        ;Maroc;6.08
3438;Costa    ;Daniel    ;daniel.costa@example.com       ;22;Gauthier-les-Bains        ;Maroc;5.86
3489;Gros     ;Michel    ;michel.gros@example.com        ;25;Sainte Thibaut            ;Maroc;6.64
3498;Alves    ;Nicole    ;nicole.alves@example.com       ;23;Saint Sylvie-les-Bains    ;Maroc;5.99
3501;Leleu    ;Antoinette;antoinette.leleu@example.com   ;25;Bernard                   ;Maroc;5.25
3504;Pierre   ;Aurélie   ;aurélie.pierre@example.com     ;22;Lefèvre-sur-Lemonnier     ;Maroc;6.66
3525;Pierre   ;Christiane;christiane.pierre@example.com  ;19;Étienne-la-Forêt          ;Maroc;5.69
3528;Boulay   ;Camille   ;camille.boulay@example.com     ;24;Martineau                 ;Maroc;6.93
3564;Fontaine ;Matthieu  ;matthieu.fontaine@example.com  ;23;Hebert-sur-Neveu          ;Maroc;5.9
3597;Pottier  ;Alexandria;alexandria.pottier@example.com ;22;Sainte Virginieboeuf      ;Maroc;5.35
3606;Rodrigues;Denise    ;denise.rodrigues@example.com   ;24;Moreau                    ;Maroc;5.87
3666;Clément  ;Aimé      ;aimé.clément@example.com       ;21;Joly                      ;Maroc;6.78
3678;Caron    ;Frédérique;frédérique.caron@example.com   ;24;JosephBourg               ;Maroc;5.9
3690;Bonnin   ;Alex      ;alex.bonnin@example.com        ;25;Ribeiro                   ;Maroc;5.55
3696;Gallet   ;Marthe    ;marthe.gallet@example.com      ;22;Saint Célina              ;Maroc;6.48
3717;Gomez    ;Mathilde  ;mathilde.gomez@example.com     ;19;MassonBourg               ;Maroc;5.02
3726;Launay   ;Hortense  ;hortense.launay@example.com    ;25;Menard                    ;Maroc;6.62
3777;Mary     ;Margaux   ;margaux.mary@example.com       ;23;Maury                     ;Maroc;6.44
3786;Langlois ;Anne      ;anne.langlois@example.com      ;25;Poulaindan                ;Maroc;6.88
3801;Petit    ;Stéphanie ;stéphanie.petit@example.com    ;23;Mallet                    ;Maroc;6.17
3804;Briand   ;Sébastien ;sébastien.briand@example.com   ;22;Henry-la-Forêt            ;Maroc;5.28
3822;Barbier  ;Louise    ;louise.barbier@example.com     ;18;Menardnec                 ;Maroc;6.37
3837;Garnier  ;Jeanne    ;jeanne.garnier@example.com     ;25;Rolland                   ;Maroc;6.45
3849;Henry    ;Timothée  ;timothée.henry@example.com     ;23;Sainte Maurice            ;Maroc;6.62
3861;Ruiz     ;Nath      ;nath.ruiz@example.com          ;25;Brundan                   ;Maroc;5.58
3885;Marty    ;Josette   ;josette.marty@example.com      ;25;Royer                     ;Maroc;6.86
3903;Guillou  ;Édith     ;édith.guillou@example.com      ;21;LaineBourg                ;Maroc;6.42
3939;Vincent  ;Roger     ;roger.vincent@example.com      ;18;MilletVille               ;Maroc;6.21
3951;Germain  ;Thibaut   ;thibaut.germain@example.com    ;18;Julien                    ;Maroc;5.16
3969;Monnier  ;Laurence  ;laurence.monnier@example.com   ;25;Charles                   ;Maroc;5.22
4008;Prévost  ;Denis     ;denis.prévost@example.com      ;21;Sainte Gilbert            ;Maroc;6.1
4011;Dijoux   ;Chantal   ;chantal.dijoux@example.com     ;18;Torres                    ;Maroc;5.63
4023;Salmon   ;Julien    ;julien.salmon@example.com      ;24;Jacquot                   ;Maroc;5.85
4044;Dijoux   ;Julie     ;julie.dijoux@example.com       ;23;Saint Christophe          ;Maroc;6.29
4050;Camus    ;Amélie    ;amélie.camus@example.com       ;21;Lacroix                   ;Maroc;6.21
4053;Blin     ;Sébastien ;sébastien.blin@example.com     ;21;Diaz                      ;Maroc;6.88
4056;Henry    ;Eugène    ;eugène.henry@example.com       ;20;Marie-sur-Bonneau         ;Maroc;5.16
4068;Collin   ;Bertrand  ;bertrand.collin@example.com    ;23;Guillot                   ;Maroc;5.03
4071;Bourdon  ;Théophile ;théophile.bourdon@example.com  ;18;Guibert-sur-Courtois      ;Maroc;5.44
4101;Roux     ;Amélie    ;amélie.roux@example.com        ;22;Bernard                   ;Maroc;6.28
4182;Merle    ;Franck    ;franck.merle@example.com       ;22;RiouBourg                 ;Maroc;6.86
4200;Humbert  ;Guillaume ;guillaume.humbert@example.com  ;24;Maréchal                  ;Maroc;6.95
4218;Chevallie;Joséphine ;joséphine.chevallier@example.co;18;Noëlboeuf                 ;Maroc;5.1
4290;Andre    ;Étienne   ;étienne.andre@example.com      ;21;Sainte Nicolas            ;Maroc;6.88
4299;Riou     ;Alice     ;alice.riou@example.com         ;24;Étienne                   ;Maroc;6.42
4320;Perrot   ;Catherine ;catherine.perrot@example.com   ;20;Joseph                    ;Maroc;5.27
4332;Le Goff  ;Clémence  ;clémence.le goff@example.com   ;18;Guillot                   ;Maroc;6.24
4347;Blin     ;Pénélope  ;pénélope.blin@example.com      ;18;Sainte Suzanne            ;Maroc;6.59
4359;Paul     ;Jules     ;jules.paul@example.com         ;21;Thomas                    ;Maroc;6.94
4362;Da Silva ;Arnaude   ;arnaude.da silva@example.com   ;22;Delahayedan               ;Maroc;6.41
4482;Normand  ;Céline    ;céline.normand@example.com     ;25;Sainte Michelle           ;Maroc;5.33
4512;Chartier ;Antoinette;antoinette.chartier@example.com;25;Sainte Célina             ;Maroc;6.16
4524;Peron    ;Hélène    ;hélène.peron@example.com       ;19;Lemaître-sur-Dos Santos   ;Maroc;6.87
4527;Legrand  ;Isabelle  ;isabelle.legrand@example.com   ;20;Sainte Lucie              ;Maroc;5.25
4533;Bonnin   ;Denis     ;denis.bonnin@example.com       ;23;Gonzalez                  ;Maroc;5.01
4539;Maillet  ;Arnaude   ;arnaude.maillet@example.com    ;19;Saint Jeanne              ;Maroc;5.7
4578;Coulon   ;Laurent   ;laurent.coulon@example.com     ;20;ValentinVille             ;Maroc;5.36
4581;Coulon   ;Capucine  ;capucine.coulon@example.com    ;23;Saint Isaacnec            ;Maroc;5.89
4605;Brunet   ;Nath      ;nath.brunet@example.com        ;19;LamyBourg                 ;Maroc;6.18
4611;Maillard ;Philippine;philippine.maillard@example.com;25;Lefort-les-Bains          ;Maroc;5.88
4662;Deschamps;Françoise ;françoise.deschamps@example.com;22;Saint Claire-la-Forêt     ;Maroc;5.77
4680;Alves    ;Jérôme    ;jérôme.alves@example.com       ;18;Sainte Manon              ;Maroc;5.01
4686;Boulay   ;André     ;andré.boulay@example.com       ;20;Lamy                      ;Maroc;5.49
4689;Rey      ;Pauline   ;pauline.rey@example.com        ;23;Allard                    ;Maroc;6.54
4698;Leroy    ;Augustin  ;augustin.leroy@example.com     ;22;Vidal                     ;Maroc;6.8
4734;Mace     ;Nathalie  ;nathalie.mace@example.com      ;21;Sainte Robertboeuf        ;Maroc;5.47
4830;De Olivei;Hélène    ;hélène.de oliveira@example.com ;19;Louis-les-Bains           ;Maroc;5.64
4869;Robert   ;Christelle;christelle.robert@example.com  ;23;Valentindan               ;Maroc;6.57
4908;Laporte  ;Yves      ;yves.laporte@example.com       ;19;Berthelot                 ;Maroc;6.18
4914;Brun     ;Émilie    ;émilie.brun@example.com        ;25;Saint Maryse-les-Bains    ;Maroc;6.47
4920;Barthelem;Noël      ;noël.barthelemy@example.com    ;18;Sainte Colettenec         ;Maroc;6.84
4926;Guérin   ;Théodore  ;théodore.guérin@example.com    ;24;Merciernec                ;Maroc;6.05
4947;Maillet  ;Jean      ;jean.maillet@example.com       ;24;Marquesnec                ;Maroc;5.22
4968;Dufour   ;Christiane;christiane.dufour@example.com  ;19;Sainte Chantal            ;Maroc;5.86
4977;Humbert  ;Théodore  ;théodore.humbert@example.com   ;18;Marchal                   ;Maroc;6.16
4986;Fournier ;Jeanne    ;jeanne.fournier@example.com    ;20;PasquierVille             ;Maroc;5.07
4989;Picard   ;Louise    ;louise.picard@example.com      ;24;Le Gall                   ;Maroc;6.81
5013;Legros   ;Benjamin  ;benjamin.legros@example.com    ;19;Bernard-sur-Henry         ;Maroc;5.74
5025;Boulanger;Mathilde  ;mathilde.boulanger@example.com ;23;Chauvet-sur-Marie         ;Maroc;5.54
5055;Mendès   ;Laetitia  ;laetitia.mendès@example.com    ;22;Noël                      ;Maroc;6.59
5103;Da Costa ;Raymond   ;raymond.da costa@example.com   ;25;Rey                       ;Maroc;5.3
5115;Chauvin  ;Véronique ;véronique.chauvin@example.com  ;20;Antoine-la-Forêt          ;Maroc;6.83
5142;Berger   ;Marguerite;marguerite.berger@example.com  ;24;Saint Pierre-sur-Mer      ;Maroc;6.54
5166;Gros     ;Pénélope  ;pénélope.gros@example.com      ;21;Sainte MauriceBourg       ;Maroc;6.47
5175;Weber    ;Joseph    ;joseph.weber@example.com       ;24;Teixeira                  ;Maroc;5.68
5205;Leleu    ;Daniel    ;daniel.leleu@example.com       ;18;David-sur-Cohen           ;Maroc;5.43
5235;Lacombe  ;Madeleine ;madeleine.lacombe@example.com  ;24;Pires-sur-Dupré           ;Maroc;6.61
5238;Hernandez;Alain     ;alain.hernandez@example.com    ;24;Vallet                    ;Maroc;5.56
5250;Carpentie;Claudine  ;claudine.carpentier@example.com;25;Lecoqboeuf                ;Maroc;5.46
5271;Deschamps;Arthur    ;arthur.deschamps@example.com   ;22;Sainte Adriennenec        ;Maroc;5.43
5298;Leleu    ;Inès      ;inès.leleu@example.com         ;20;Laroche-la-Forêt          ;Maroc;6.31
5328;Lebrun   ;Madeleine ;madeleine.lebrun@example.com   ;23;Nicolas                   ;Maroc;5.29
5346;Germain  ;Aimée     ;aimée.germain@example.com      ;18;Guilbert                  ;Maroc;6.29
5364;Chauvin  ;Christiane;christiane.chauvin@example.com ;20;Picard                    ;Maroc;6.73
5373;Delannoy ;Thibault  ;thibault.delannoy@example.com  ;25;DidierVille               ;Maroc;5.94
5376;Bouvet   ;Gabrielle ;gabrielle.bouvet@example.com   ;23;Bazindan                  ;Maroc;5.97
5394;Daniel   ;Zacharie  ;zacharie.daniel@example.com    ;23;Potier                    ;Maroc;6.43
5442;Pages    ;Guy       ;guy.pages@example.com          ;22;Leblanc-sur-Mer           ;Maroc;6.96
5481;Lévêque  ;Agathe    ;agathe.lévêque@example.com     ;24;Bergerboeuf               ;Maroc;5.47
5505;Lelièvre ;Sébastien ;sébastien.lelièvre@example.com ;22;Deschamps                 ;Maroc;6.52
5556;Roche    ;Étienne   ;étienne.roche@example.com      ;19;DupontBourg               ;Maroc;6.05
5565;Vallée   ;Océane    ;océane.vallée@example.com      ;18;Lemoine                   ;Maroc;5.26
5616;Lenoir   ;Jules     ;jules.lenoir@example.com       ;21;Sainte Aurélie            ;Maroc;5.68
5619;Lebreton ;Élodie    ;élodie.lebreton@example.com    ;20;Labbé                     ;Maroc;6.53
5634;Lebrun   ;Alain     ;alain.lebrun@example.com       ;25;Gonzalez                  ;Maroc;5.9
5676;Loiseau  ;Frédérique;frédérique.loiseau@example.com ;23;Robert-sur-Potier         ;Maroc;6.62
5712;Lefèvre  ;Gérard    ;gérard.lefèvre@example.com     ;23;Dos Santos                ;Maroc;5.06
5760;Boulanger;Bernard   ;bernard.boulanger@example.com  ;20;DidierBourg               ;Maroc;5.57
5763;Guyot    ;Georges   ;georges.guyot@example.com      ;18;Colin                     ;Maroc;6.18
5790;Muller   ;Sébastien ;sébastien.muller@example.com   ;20;Renault                   ;Maroc;5.33
5835;Briand   ;Louise    ;louise.briand@example.com      ;21;Buisson                   ;Maroc;6.85
5841;Marion   ;Adrien    ;adrien.marion@example.com      ;21;Sainte Véronique-les-Bains;Maroc;6.53
5850;Albert   ;Adrienne  ;adrienne.albert@example.com    ;22;Sainte Monique            ;Maroc;5.37
5886;Joseph   ;Jeannine  ;jeannine.joseph@example.com    ;23;ImbertVille               ;Maroc;5.34
5934;Pinto    ;Alice     ;alice.pinto@example.com        ;20;Boulanger-la-Forêt        ;Maroc;5.12
5955;Henry    ;Antoinette;antoinette.henry@example.com   ;24;GuillaumeBourg            ;Maroc;5.81
5976;Moreno   ;Cécile    ;cécile.moreno@example.com      ;25;Michaud                   ;Maroc;5.5
5985;Letellier;François  ;françois.letellier@example.com ;24;Alexandre-la-Forêt        ;Maroc;5.11
6006;Barbier  ;Lorraine  ;lorraine.barbier@example.com   ;23;Bonneaunec                ;Maroc;6.26
6021;Leconte  ;Antoine   ;antoine.leconte@example.com    ;23;BoulayVille               ;Maroc;5.25
6045;Leblanc  ;Aimée     ;aimée.leblanc@example.com      ;22;Dubois-la-Forêt           ;Maroc;5.01
6090;Fleury   ;Sophie    ;sophie.fleury@example.com      ;22;Rossi-sur-Dubois          ;Maroc;5.66
6099;Paul     ;Denise    ;denise.paul@example.com        ;24;Saint Paulette            ;Maroc;6.59
6126;Joubert  ;Audrey    ;audrey.joubert@example.com     ;23;Moulin-sur-Louis          ;Maroc;5.22
6129;Le Goff  ;Odette    ;odette.le goff@example.com     ;21;Sainte Alice              ;Maroc;6.04
6138;Colas    ;Suzanne   ;suzanne.colas@example.com      ;25;Besson-sur-Hamel          ;Maroc;6.08
6168;Meyer    ;Aurore    ;aurore.meyer@example.com       ;20;Sainte Margaret           ;Maroc;5.94
6171;Poirier  ;Michelle  ;michelle.poirier@example.com   ;25;Pires-sur-Hardy           ;Maroc;5.49
6192;Pasquier ;Guy       ;guy.pasquier@example.com       ;24;Blot                      ;Maroc;5.43
6210;Torres   ;Charles   ;charles.torres@example.com     ;19;ChauvinVille              ;Maroc;6.92
6234;Gallet   ;Antoine   ;antoine.gallet@example.com     ;20;Lesage                    ;Maroc;6.95
6267;Dupont   ;Zacharie  ;zacharie.dupont@example.com    ;18;Delorme                   ;Maroc;6.12
6270;Godard   ;Michèle   ;michèle.godard@example.com     ;19;Georges                   ;Maroc;5.85
6285;Seguin   ;Dorothée  ;dorothée.seguin@example.com    ;18;Roussel                   ;Maroc;5.34
6288;Moreno   ;Pauline   ;pauline.moreno@example.com     ;22;Sauvageboeuf              ;Maroc;6.31
6291;Allard   ;Sabine    ;sabine.allard@example.com      ;19;Sainte Marysedan          ;Maroc;5.76
6294;Sanchez  ;Henri     ;henri.sanchez@example.com      ;19;Guilbert-la-Forêt         ;Maroc;5.71
6300;Marty    ;Élise     ;élise.marty@example.com        ;19;Gillesboeuf               ;Maroc;5.8
6327;Petitjean;Jérôme    ;jérôme.petitjean@example.com   ;24;Sainte Claire             ;Maroc;6.31
6330;Delaunay ;Matthieu  ;matthieu.delaunay@example.com  ;24;Sainte Laetitianec        ;Maroc;5.87
6336;Perrin   ;David     ;david.perrin@example.com       ;22;Sainte MartheBourg        ;Maroc;5.91
6357;Bernier  ;Noël      ;noël.bernier@example.com       ;19;Weber                     ;Maroc;6.23
6363;Chevallie;Agathe    ;agathe.chevallier@example.com  ;21;Sainte AlexandrieVille    ;Maroc;6.17
6372;Coulon   ;Charlotte ;charlotte.coulon@example.com   ;23;Sainte Corinne            ;Maroc;6.33
6375;Payet    ;Patricia  ;patricia.payet@example.com     ;25;Adam                      ;Maroc;6.14
6381;Léger    ;Thomas    ;thomas.léger@example.com       ;22;GuilbertBourg             ;Maroc;5.39
6435;Torres   ;Thomas    ;thomas.torres@example.com      ;18;Hebert                    ;Maroc;5.62
6474;Maillet  ;Thierry   ;thierry.maillet@example.com    ;18;Sainte Alexandrie         ;Maroc;5.29
6483;Gros     ;Véronique ;véronique.gros@example.com     ;18;Saint Léon-les-Bains      ;Maroc;6.98
6504;Grenier  ;Emmanuel  ;emmanuel.grenier@example.com   ;23;Sainte Martine-sur-Mer    ;Maroc;5.01
6513;Bouvet   ;Christiane;christiane.bouvet@example.com  ;19;Saint Marine              ;Maroc;6.14
6564;Camus    ;Margaud   ;margaud.camus@example.com      ;22;Raymondnec                ;Maroc;6.47
6597;Renaud   ;Laurent   ;laurent.renaud@example.com     ;25;Bodin                     ;Maroc;5.87
6618;Allard   ;Théodore  ;théodore.allard@example.com    ;24;François                  ;Maroc;6.12
6660;Devaux   ;Laetitia  ;laetitia.devaux@example.com    ;18;Martel                    ;Maroc;6.18
6669;Chrétien ;Joseph    ;joseph.chrétien@example.com    ;24;Thibault-sur-Jacques      ;Maroc;6.26
6729;Martinez ;Aurore    ;aurore.martinez@example.com    ;21;Menard                    ;Maroc;6.37
6732;Blot     ;Sylvie    ;sylvie.blot@example.com        ;20;Gilbert-la-Forêt          ;Maroc;6.04
6774;Laporte  ;Charles   ;charles.laporte@example.com    ;21;Saint Benoît              ;Maroc;6.1
6816;Hebert   ;Michelle  ;michelle.hebert@example.com    ;19;Saint Olivie              ;Maroc;6.58
6840;Blondel  ;Anastasie ;anastasie.blondel@example.com  ;23;Adamnec                   ;Maroc;6.53
6879;Mathieu  ;Roland    ;roland.mathieu@example.com     ;22;Imbertboeuf               ;Maroc;5.7
6891;Legrand  ;Célina    ;célina.legrand@example.com     ;23;LegrosBourg               ;Maroc;5.12
6894;Diallo   ;Marcel    ;marcel.diallo@example.com      ;24;Leduc-les-Bains           ;Maroc;6.73
6900;Da Costa ;Sylvie    ;sylvie.da costa@example.com    ;20;LabbéBourg                ;Maroc;6.76
6924;Lamy     ;Virginie  ;virginie.lamy@example.com      ;22;Ruiz-sur-Antoine          ;Maroc;6.01
6936;Martinez ;Noémi     ;noémi.martinez@example.com     ;22;Rousseau                  ;Maroc;5.46
6963;Costa    ;Luce      ;luce.costa@example.com         ;25;Sainte Pénélope           ;Maroc;6.7
6984;Clément  ;Nathalie  ;nathalie.clément@example.com   ;25;Barbier-sur-Guillot       ;Maroc;6.55
7005;Clément  ;Éric      ;éric.clément@example.com       ;21;Delaunay-sur-Dupuy        ;Maroc;5.75
7023;Vallet   ;Alix      ;alix.vallet@example.com        ;21;Masson                    ;Maroc;5.14
7026;Voisin   ;Jacques   ;jacques.voisin@example.com     ;18;Fouquet                   ;Maroc;5.31
7056;Barbier  ;Martin    ;martin.barbier@example.com     ;24;Saint Alexandria          ;Maroc;6.07
7077;Le Roux  ;Alphonse  ;alphonse.le roux@example.com   ;18;Marienec                  ;Maroc;5
7125;Dumas    ;Audrey    ;audrey.dumas@example.com       ;22;Chartier                  ;Maroc;6.53
7149;Bonnin   ;Laurent   ;laurent.bonnin@example.com     ;18;Ribeiro-sur-Mer           ;Maroc;5.92
7161;Barre    ;Charlotte ;charlotte.barre@example.com    ;20;Baron-les-Bains           ;Maroc;5.7
7200;François ;Luce      ;luce.françois@example.com      ;23;De Sousa-sur-Turpin       ;Maroc;5.88
7248;Salmon   ;Vincent   ;vincent.salmon@example.com     ;25;MeyerVille                ;Maroc;6.38
7251;Gautier  ;Anne      ;anne.gautier@example.com       ;22;Courtois                  ;Maroc;5.71
7275;Joly     ;Françoise ;françoise.joly@example.com     ;23;Godardnec                 ;Maroc;5.82
7281;Merle    ;Christine ;christine.merle@example.com    ;25;Techer                    ;Maroc;5.43
7290;Chauvet  ;Tristan   ;tristan.chauvet@example.com    ;20;Boulaynec                 ;Maroc;5.11
7323;Perret   ;Martine   ;martine.perret@example.com     ;19;Brunet-sur-Mer            ;Maroc;6.88
7377;Lopes    ;Dominique ;dominique.lopes@example.com    ;24;Joly-sur-Bailly           ;Maroc;6.41
7437;Peron    ;Denise    ;denise.peron@example.com       ;24;Bretonboeuf               ;Maroc;6.56
7461;Leleu    ;Jacques   ;jacques.leleu@example.com      ;25;Sainte Jacqueline         ;Maroc;5.06
7488;Godard   ;Auguste   ;auguste.godard@example.com     ;20;Martineau-les-Bains       ;Maroc;5.38
7518;Brunet   ;Alex      ;alex.brunet@example.com        ;24;Sainte HonoréVille        ;Maroc;6.7
7530;Deschamps;Thibault  ;thibault.deschamps@example.com ;25;Clerc-sur-Mer             ;Maroc;5.7
7548;Collin   ;Léon      ;léon.collin@example.com        ;25;Meunier                   ;Maroc;5.6
7596;Nguyen   ;Adrienne  ;adrienne.nguyen@example.com    ;23;Rodriguez-sur-Mer         ;Maroc;5.93
7602;Chauvet  ;Emmanuel  ;emmanuel.chauvet@example.com   ;18;Pascal-sur-Gros           ;Maroc;6.61
7605;Prévost  ;Madeleine ;madeleine.prévost@example.com  ;25;Bourgeois                 ;Maroc;5.15
7611;Masson   ;Claire    ;claire.masson@example.com      ;19;Salmon-la-Forêt           ;Maroc;6.54
7614;Daniel   ;Hugues    ;hugues.daniel@example.com      ;19;Hebert-sur-Nicolas        ;Maroc;6.46
7617;Lecoq    ;Constance ;constance.lecoq@example.com    ;21;Sainte Isabelle-la-Forêt  ;Maroc;6.62
7695;Maillard ;Richard   ;richard.maillard@example.com   ;18;BoulangerVille            ;Maroc;5.82
7764;Le Roux  ;Nathalie  ;nathalie.le roux@example.com   ;18;Marchanddan               ;Maroc;6.42
7776;Gaillard ;Capucine  ;capucine.gaillard@example.com  ;20;Saint Adèle-la-Forêt      ;Maroc;6.91
7779;Jacquet  ;Antoine   ;antoine.jacquet@example.com    ;19;HernandezVille            ;Maroc;6.23
7803;Leclerc  ;Caroline  ;caroline.leclerc@example.com   ;22;Durand                    ;Maroc;6.99
7851;Boulanger;William   ;william.boulanger@example.com  ;21;Lopes                     ;Maroc;6.6
7875;Diaz     ;Denis     ;denis.diaz@example.com         ;18;Rousseau                  ;Maroc;6.23
7929;Tessier  ;Michelle  ;michelle.tessier@example.com   ;24;Bousquet-sur-Mer          ;Maroc;6.66
7944;Le Roux  ;Laetitia  ;laetitia.le roux@example.com   ;18;RocherBourg               ;Maroc;6.55
7956;Fleury   ;Richard   ;richard.fleury@example.com     ;23;Fournier                  ;Maroc;6.22
7971;Gimenez  ;Luc       ;luc.gimenez@example.com        ;21;Weber                     ;Maroc;5.21
7986;Hubert   ;Zacharie  ;zacharie.hubert@example.com    ;24;Fernandesnec              ;Maroc;5.15
8007;Pineau   ;Alain     ;alain.pineau@example.com       ;24;Sainte EmmanuelBourg      ;Maroc;5.67
8016;Guilbert ;Auguste   ;auguste.guilbert@example.com   ;25;Roger                     ;Maroc;6.26
8034;Perez    ;Alain     ;alain.perez@example.com        ;19;Klein                     ;Maroc;5.17
8040;Simon    ;Olivie    ;olivie.simon@example.com       ;25;Rémy-la-Forêt             ;Maroc;6.8
8076;Blanchard;Marthe    ;marthe.blanchard@example.com   ;22;Vincent-la-Forêt          ;Maroc;6.98
8082;Mathieu  ;Honoré    ;honoré.mathieu@example.com     ;20;Rousseau                  ;Maroc;5.28
8091;Lopez    ;Michelle  ;michelle.lopez@example.com     ;18;Michel                    ;Maroc;6.23
8115;Legros   ;Claire    ;claire.legros@example.com      ;25;Mendès-sur-Mercier        ;Maroc;5.72
8124;Mahe     ;Charles   ;charles.mahe@example.com       ;22;Valentin                  ;Maroc;6.75
8136;Renard   ;Alfred    ;alfred.renard@example.com      ;23;Legendre                  ;Maroc;6.52
8145;Grégoire ;Thibaut   ;thibaut.grégoire@example.com   ;19;Lévêque                   ;Maroc;5.48
8148;Prévost  ;Marguerite;marguerite.prévost@example.com ;23;RivièreVille              ;Maroc;5.62
8181;Legendre ;Christine ;christine.legendre@example.com ;19;Lecoq-la-Forêt            ;Maroc;5.22
8190;Henry    ;Paulette  ;paulette.henry@example.com     ;23;Hamel                     ;Maroc;6.6
8202;Cousin   ;Michèle   ;michèle.cousin@example.com     ;24;Gautier                   ;Maroc;5.32
8226;Blanchet ;Margaud   ;margaud.blanchet@example.com   ;18;Sainte Benoîtdan          ;Maroc;6.07
8277;Legros   ;Andrée    ;andrée.legros@example.com      ;24;Barre-sur-Pruvost         ;Maroc;5.07
8313;Imbert   ;Madeleine ;madeleine.imbert@example.com   ;25;Rousset                   ;Maroc;6.74
8361;Dupont   ;Maurice   ;maurice.dupont@example.com     ;22;Descamps                  ;Maroc;5.61
8370;Rémy     ;Claude    ;claude.rémy@example.com        ;25;Dos Santosboeuf           ;Maroc;6.45
8442;Gaudin   ;Bertrand  ;bertrand.gaudin@example.com    ;25;Berger                    ;Maroc;5.32
8448;Tessier  ;Nath      ;nath.tessier@example.com       ;25;Saint Louise              ;Maroc;6.01
8454;Tanguy   ;Théophile ;théophile.tanguy@example.com   ;25;Sainte Adèle              ;Maroc;5.15
8460;Peltier  ;Michèle   ;michèle.peltier@example.com    ;20;Étienne                   ;Maroc;6.64
8499;Seguin   ;Richard   ;richard.seguin@example.com     ;18;Merle-sur-Mer             ;Maroc;5.22
8505;Lemaître ;Michelle  ;michelle.lemaître@example.com  ;20;Roux                      ;Maroc;6.06
8508;Peron    ;Rémy      ;rémy.peron@example.com         ;19;GuyotBourg                ;Maroc;6.8
8571;Hebert   ;Élodie    ;élodie.hebert@example.com      ;18;Guillot                   ;Maroc;5.35
8574;Martineau;Colette   ;colette.martineau@example.com  ;24;Joly                      ;Maroc;5.24
8586;Regnier  ;Lucie     ;lucie.regnier@example.com      ;20;Sainte NathalieVille      ;Maroc;5.48
8610;Giraud   ;Christiane;christiane.giraud@example.com  ;19;Sainte François           ;Maroc;5.96
8637;Marques  ;Christine ;christine.marques@example.com  ;22;Leconte-sur-Mendès        ;Maroc;5.26
8640;Roussel  ;Franck    ;franck.roussel@example.com     ;19;Saint Anastasie           ;Maroc;6.36
8655;Blot     ;Chantal   ;chantal.blot@example.com       ;20;Gay                       ;Maroc;5.81
8703;Pierre   ;Luce      ;luce.pierre@example.com        ;18;CosteBourg                ;Maroc;5.12
8730;Morvan   ;Jeanne    ;jeanne.morvan@example.com      ;19;Saint Adrienboeuf         ;Maroc;6.79
8772;Barre    ;Alexandre ;alexandre.barre@example.com    ;20;Cohen-sur-Da Silva        ;Maroc;6.52
8811;Perez    ;Mathilde  ;mathilde.perez@example.com     ;20;RodriguezBourg            ;Maroc;6.95
8829;Leroux   ;Danielle  ;danielle.leroux@example.com    ;24;Renaud                    ;Maroc;5.89
8835;Aubry    ;Timothée  ;timothée.aubry@example.com     ;24;Sainte Bertrand-sur-Mer   ;Maroc;5.02
8850;Neveu    ;Nathalie  ;nathalie.neveu@example.com     ;18;Duprédan                  ;Maroc;5.51
8856;Hamon    ;Françoise ;françoise.hamon@example.com    ;18;Colasnec                  ;Maroc;6.75
8859;Schmitt  ;Honoré    ;honoré.schmitt@example.com     ;24;Hardy-sur-Chauvin         ;Maroc;5.12
8874;De Olivei;Capucine  ;capucine.de oliveira@example.co;21;Jourdan                   ;Maroc;6.91
8907;Lecoq    ;Agnès     ;agnès.lecoq@example.com        ;18;Dupont                    ;Maroc;5.4
8910;Antoine  ;André     ;andré.antoine@example.com      ;21;Sainte Gabriel            ;Maroc;5.52
8916;Gonzalez ;Suzanne   ;suzanne.gonzalez@example.com   ;22;Saint Tristan             ;Maroc;5.45
8922;Hernandez;Hortense  ;hortense.hernandez@example.com ;19;Saint Brigitte            ;Maroc;5.26
8928;Morvan   ;Lucas     ;lucas.morvan@example.com       ;19;Larochedan                ;Maroc;6.05
8937;Le Goff  ;Agnès     ;agnès.le goff@example.com      ;22;Saint Susanne             ;Maroc;5.09
8952;Klein    ;Patrick   ;patrick.klein@example.com      ;25;Guillaume                 ;Maroc;5.02
8976;Mahe     ;Bernadette;bernadette.mahe@example.com    ;22;Leleu                     ;Maroc;6.3
8982;Aubry    ;Adrien    ;adrien.aubry@example.com       ;20;Fontaine-sur-Gillet       ;Maroc;5.06
9012;Klein    ;Victoire  ;victoire.klein@example.com     ;24;Sainte Joseph-la-Forêt    ;Maroc;5.79
9018;Pereira  ;Manon     ;manon.pereira@example.com      ;20;Grégoire-les-Bains        ;Maroc;5.55
9024;Faivre   ;Valérie   ;valérie.faivre@example.com     ;22;Martineau                 ;Maroc;5.38
9033;Michaud  ;Maggie    ;maggie.michaud@example.com     ;23;Saint Louise-la-Forêt     ;Maroc;5.59
9069;Pinto    ;Thibaut   ;thibaut.pinto@example.com      ;24;Loiseau-la-Forêt          ;Maroc;5.99
9102;Bonnet   ;Corinne   ;corinne.bonnet@example.com     ;19;Robin                     ;Maroc;6.47
9114;Gilles   ;Gilbert   ;gilbert.gilles@example.com     ;25;Morin                     ;Maroc;6.58
9162;Dos Santo;Dominique ;dominique.dos santos@example.co;24;Blanc-les-Bains           ;Maroc;5.01
9195;Moreau   ;Sylvie    ;sylvie.moreau@example.com      ;18;Munoz-sur-Mer             ;Maroc;5.55
9234;Poirier  ;Jeannine  ;jeannine.poirier@example.com   ;24;Bourdon                   ;Maroc;5.9
9285;Royer    ;Isaac     ;isaac.royer@example.com        ;18;Allain                    ;Maroc;5.61
9300;Delattre ;Geneviève ;geneviève.delattre@example.com ;22;Saint IsabelleVille       ;Maroc;6.14
9306;Salmon   ;Jeanne    ;jeanne.salmon@example.com      ;18;Baudry-la-Forêt           ;Maroc;5.66
9330;Huet     ;Adélaïde  ;adélaïde.huet@example.com      ;25;Parisnec                  ;Maroc;6.64
9339;Barbe    ;Laetitia  ;laetitia.barbe@example.com     ;18;Sainte NoémiVille         ;Maroc;5.63
9354;Paris    ;Julien    ;julien.paris@example.com       ;24;Sainte Victor             ;Maroc;5.42
9366;Chrétien ;Madeleine ;madeleine.chrétien@example.com ;25;Fouchernec                ;Maroc;5.23
9384;Pascal   ;Laetitia  ;laetitia.pascal@example.com    ;21;De Oliveira               ;Maroc;6.91
9417;Klein    ;Matthieu  ;matthieu.klein@example.com     ;18;GérardVille               ;Maroc;5.51
9459;Lefebvre ;Maurice   ;maurice.lefebvre@example.com   ;23;Saint Christinenec        ;Maroc;5.48
9465;Lebon    ;Auguste   ;auguste.lebon@example.com      ;23;Thibault                  ;Maroc;5.12
9498;Cordier  ;Cécile    ;cécile.cordier@example.com     ;18;DumasVille                ;Maroc;6.49
9546;Leblanc  ;Aimé      ;aimé.leblanc@example.com       ;18;Saint Dominique           ;Maroc;6.23
9585;Leleu    ;Frédérique;frédérique.leleu@example.com   ;22;Fernandes                 ;Maroc;6.68
9597;Guichard ;Raymond   ;raymond.guichard@example.com   ;22;Georges                   ;Maroc;6.7
9633;Mallet   ;François  ;françois.mallet@example.com    ;20;Maillet                   ;Maroc;5.67
9654;Laporte  ;Arthur    ;arthur.laporte@example.com     ;24;Petitjean                 ;Maroc;6.56
9666;Lombard  ;Emmanuelle;emmanuelle.lombard@example.com ;21;Leduc-sur-Grégoire        ;Maroc;5.71
9684;Bernard  ;Noël      ;noël.bernard@example.com       ;20;Bousquetdan               ;Maroc;6.46
9687;Olivier  ;Virginie  ;virginie.olivier@example.com   ;20;Saint Virginie-la-Forêt   ;Maroc;6.27
9702;Boucher  ;Laure     ;laure.boucher@example.com      ;21;Lévêquedan                ;Maroc;6.43
9849;Raymond  ;Raymond   ;raymond.raymond@example.com    ;19;Tessier                   ;Maroc;5.24
9873;Jacob    ;Adrien    ;adrien.jacob@example.com       ;19;BruneauBourg              ;Maroc;6.43
9933;Guilbert ;Virginie  ;virginie.guilbert@example.com  ;21;Meyer-sur-Arnaud          ;Maroc;5.3
9939;Hoarau   ;Vincent   ;vincent.hoarau@example.com     ;25;Marchand                  ;Maroc;5.41
9960;Vidal    ;Odette    ;odette.vidal@example.com       ;21;Letellier                 ;Maroc;6.3
9999;Bouvet   ;Élisabeth ;élisabeth.bouvet@example.com   ;25;Gonzalez                  ;Maroc;6.11
