﻿id;nom;prenom;email;age;ville;pays;note
1;Vallée   ;David     ;david.vallée@example.com       ;25;Letellier                 ;Maroc;7.73
16;Guilbert ;Élisabeth ;élisabeth.guilbert@example.com ;22;Guyon                     ;Maroc;9.68
43;Picard   ;Anastasie ;anastasie.picard@example.com   ;18;Schneiderdan              ;Maroc;7.83
46;Lemonnier;Daniel    ;daniel.lemonnier@example.com   ;21;Thibault-sur-Marion       ;Maroc;7.49
55;Delahaye ;Émile     ;émile.delahaye@example.com     ;25;Simondan                  ;Maroc;7.28
58;Jacques  ;Adrienne  ;adrienne.jacques@example.com   ;22;Brunel                    ;Maroc;9.62
70;Parent   ;Luce      ;luce.parent@example.com        ;19;Meunier                   ;Maroc;8.54
85;Gilbert  ;Benoît    ;benoît.gilbert@example.com     ;25;Saint Théodore            ;Maroc;7.33
97;Paris    ;Benjamin  ;benjamin.paris@example.com     ;20;Saint Nathnec             ;Maroc;7.86
100;Petit    ;Julie     ;julie.petit@example.com        ;18;Pinto-les-Bains           ;Maroc;9.41
163;Ledoux   ;Laetitia  ;laetitia.ledoux@example.com    ;20;Foucher                   ;Maroc;8.03
187;Michel   ;Claudine  ;claudine.michel@example.com    ;20;Fernandeznec              ;Maroc;7.88
211;Martel   ;Margaret  ;margaret.martel@example.com    ;19;Ruiz-sur-Mer              ;Maroc;7.82
214;Laporte  ;Marcel    ;marcel.laporte@example.com     ;24;Guillet-sur-Mer           ;Maroc;8.47
220;Launay   ;Océane    ;océane.launay@example.com      ;23;Sainte Noël               ;Maroc;9.79
223;Renaud   ;Susanne   ;susanne.renaud@example.com     ;22;Dupuis                    ;Maroc;7.03
226;Lambert  ;Andrée    ;andrée.lambert@example.com     ;25;Joly                      ;Maroc;7.84
235;Rocher   ;Nathalie  ;nathalie.rocher@example.com    ;19;Lamy                      ;Maroc;8.21
241;Nguyen   ;Étienne   ;étienne.nguyen@example.com     ;20;Marion                    ;Maroc;7.17
268;Regnier  ;Gilbert   ;gilbert.regnier@example.com    ;23;Chevallier                ;Maroc;7.69
292;Lacombe  ;Audrey    ;audrey.lacombe@example.com     ;23;Saint Pierre              ;Maroc;8.59
304;Lopez    ;Clémence  ;clémence.lopez@example.com     ;22;Sainte LaurenceVille      ;Maroc;8.49
310;Schmitt  ;Michelle  ;michelle.schmitt@example.com   ;23;Guyot                     ;Maroc;9.9
313;Durand   ;Michelle  ;michelle.durand@example.com    ;20;Guyon-sur-Mer             ;Maroc;8.01
352;Fischer  ;Éléonore  ;éléonore.fischer@example.com   ;22;Saint Denisdan            ;Maroc;7.6
367;Delahaye ;Nathalie  ;nathalie.delahaye@example.com  ;18;GuillonBourg              ;Maroc;7.24
376;Delorme  ;Aurore    ;aurore.delorme@example.com     ;23;Perez                     ;Maroc;8.08
379;Gilbert  ;Guy       ;guy.gilbert@example.com        ;21;Techer-la-Forêt           ;Maroc;8.21
385;Boutin   ;Vincent   ;vincent.boutin@example.com     ;20;Ruiz-la-Forêt             ;Maroc;9.33
439;Martin   ;André     ;andré.martin@example.com       ;19;Lebreton-sur-Vaillant     ;Maroc;8.91
448;Roche    ;Noël      ;noël.roche@example.com         ;25;Clerc                     ;Maroc;9.47
457;Sauvage  ;Margaud   ;margaud.sauvage@example.com    ;22;Sainte Davidboeuf         ;Maroc;7.61
466;Menard   ;Aimée     ;aimée.menard@example.com       ;22;Bouvet                    ;Maroc;8.43
478;Jean     ;Bertrand  ;bertrand.jean@example.com      ;24;Garnier-sur-Mer           ;Maroc;9.79
499;Lebreton ;Roland    ;roland.lebreton@example.com    ;23;Berthelot                 ;Maroc;9.06
502;Brunel   ;Susanne   ;susanne.brunel@example.com     ;20;Joubert                   ;Maroc;8.51
505;Roche    ;Virginie  ;virginie.roche@example.com     ;23;JacquetBourg              ;Maroc;9.16
511;Gérard   ;Maurice   ;maurice.gérard@example.com     ;25;Joseph                    ;Maroc;9.38
514;Guillon  ;Simone    ;simone.guillon@example.com     ;22;Mahe-sur-Nicolas          ;Maroc;9.9
517;Blanchard;Alix      ;alix.blanchard@example.com     ;22;Becker                    ;Maroc;8.04
520;Bernard  ;Henriette ;henriette.bernard@example.com  ;25;Hoarau-la-Forêt           ;Maroc;9.4
526;Blondel  ;Lucie     ;lucie.blondel@example.com      ;25;Diaz-sur-Petitjean        ;Maroc;9.14
535;Rossi    ;Pierre    ;pierre.rossi@example.com       ;19;Fouchernec                ;Maroc;7.84
565;Pires    ;Amélie    ;amélie.pires@example.com       ;18;Sainte Alice              ;Maroc;7.91
571;Brunet   ;Frédéric  ;frédéric.brunet@example.com    ;20;Guibert                   ;Maroc;8.96
595;Blanchet ;Bertrand  ;bertrand.blanchet@example.com  ;25;Toussaint-les-Bains       ;Maroc;9.45
607;Mahe     ;Thomas    ;thomas.mahe@example.com        ;23;Carlier                   ;Maroc;9.53
658;Roy      ;Constance ;constance.roy@example.com      ;24;Saint Isabellenec         ;Maroc;7.5
664;Dijoux   ;Martin    ;martin.dijoux@example.com      ;21;Guillon                   ;Maroc;8.82
676;François ;Mathilde  ;mathilde.françois@example.com  ;18;Bazin-la-Forêt            ;Maroc;8.33
712;Lopes    ;Marie     ;marie.lopes@example.com        ;18;Picard-sur-Guyot          ;Maroc;8.27
730;Georges  ;Inès      ;inès.georges@example.com       ;23;Lucasdan                  ;Maroc;8.37
736;Bouvet   ;Zoé       ;zoé.bouvet@example.com         ;22;Pineau-sur-Bonnet         ;Maroc;8.66
745;Blondel  ;Margaud   ;margaud.blondel@example.com    ;24;Barbier                   ;Maroc;7.46
757;Masson   ;Claire    ;claire.masson@example.com      ;18;Bourdon                   ;Maroc;7.28
784;Clément  ;Gilles    ;gilles.clément@example.com     ;25;Roussel-sur-Thomas        ;Maroc;7.86
796;Turpin   ;Océane    ;océane.turpin@example.com      ;25;Raynaud                   ;Maroc;9.26
799;Mace     ;Noémi     ;noémi.mace@example.com         ;19;Navarro                   ;Maroc;8.98
814;Gillet   ;Jeanne    ;jeanne.gillet@example.com      ;22;Rivière-la-Forêt          ;Maroc;9.19
817;Peltier  ;Bertrand  ;bertrand.peltier@example.com   ;20;Collet-la-Forêt           ;Maroc;8.48
841;Verdier  ;Lorraine  ;lorraine.verdier@example.com   ;22;Pereira                   ;Maroc;8.39
847;Courtois ;Olivie    ;olivie.courtois@example.com    ;19;Albertdan                 ;Maroc;8.93
859;Dupré    ;Édith     ;édith.dupré@example.com        ;20;Allard                    ;Maroc;7.49
880;Caron    ;Élodie    ;élodie.caron@example.com       ;18;Lefebvre                  ;Maroc;7.24
898;Tanguy   ;Matthieu  ;matthieu.tanguy@example.com    ;22;Bourdon                   ;Maroc;8.72
910;Picard   ;Gilles    ;gilles.picard@example.com      ;22;Weiss-sur-Lefort          ;Maroc;8.48
919;Perrot   ;Alexandre ;alexandre.perrot@example.com   ;24;Sainte Joseph             ;Maroc;9.64
940;Blanchet ;Aurélie   ;aurélie.blanchet@example.com   ;25;Thierry                   ;Maroc;8.41
943;Marie    ;Margaux   ;margaux.marie@example.com      ;19;Pierre                    ;Maroc;7.83
952;Laine    ;Étienne   ;étienne.laine@example.com      ;21;Sainte Chantalboeuf       ;Maroc;7.41
955;Baron    ;Astrid    ;astrid.baron@example.com       ;20;OlivierVille              ;Maroc;8.8
961;Chauveau ;Stéphane  ;stéphane.chauveau@example.com  ;21;Guichard                  ;Maroc;9.9
1000;Lebreton ;Laurent   ;laurent.lebreton@example.com   ;24;Sainte Caroline           ;Maroc;7.24
1006;Marie    ;Diane     ;diane.marie@example.com        ;22;Masson                    ;Maroc;8.68
1009;Leblanc  ;Gilbert   ;gilbert.leblanc@example.com    ;24;Dupuis                    ;Maroc;8.06
1021;Buisson  ;Alix      ;alix.buisson@example.com       ;22;Thierryboeuf              ;Maroc;7.66
1039;Marie    ;Clémence  ;clémence.marie@example.com     ;25;Schmitt-sur-Foucher       ;Maroc;7.69
1045;Julien   ;Gérard    ;gérard.julien@example.com      ;20;Delmas                    ;Maroc;9.86
1057;Guilbert ;Victoire  ;victoire.guilbert@example.com  ;19;Faivreboeuf               ;Maroc;9.15
1069;Charles  ;Alice     ;alice.charles@example.com      ;24;Saint Xavier              ;Maroc;9.03
1084;Lemaître ;Patrick   ;patrick.lemaître@example.com   ;22;Gomez                     ;Maroc;7.74
1117;Rousseau ;Georges   ;georges.rousseau@example.com   ;25;Sainte Isabelle-la-Forêt  ;Maroc;9.83
1120;Masse    ;Roger     ;roger.masse@example.com        ;23;Simon                     ;Maroc;8.27
1147;Guilbert ;Honoré    ;honoré.guilbert@example.com    ;22;Fischer                   ;Maroc;9.2
1162;Delorme  ;Antoine   ;antoine.delorme@example.com    ;18;Sainte ThéophileVille     ;Maroc;7.6
1189;Alexandre;Emmanuel  ;emmanuel.alexandre@example.com ;24;Lecomte-la-Forêt          ;Maroc;7.51
1192;Ollivier ;Henriette ;henriette.ollivier@example.com ;21;Thomas-sur-Reynaud        ;Maroc;8.91
1216;Lefebvre ;Auguste   ;auguste.lefebvre@example.com   ;24;Dos Santos                ;Maroc;7.63
1219;Clerc    ;Henriette ;henriette.clerc@example.com    ;25;Legrand                   ;Maroc;7.8
1240;Maillet  ;René      ;rené.maillet@example.com       ;24;Descampsboeuf             ;Maroc;7.36
1252;Peltier  ;Stéphane  ;stéphane.peltier@example.com   ;19;Dos Santosboeuf           ;Maroc;9.89
1270;Delmas   ;Pierre    ;pierre.delmas@example.com      ;22;Morin-sur-Mer             ;Maroc;7.07
1279;Da Silva ;Lorraine  ;lorraine.da silva@example.com  ;22;Descamps-sur-Jacquot      ;Maroc;9.81
1294;Lelièvre ;Élisabeth ;élisabeth.lelièvre@example.com ;23;Saint JosephVille         ;Maroc;9.3
1297;Laroche  ;Raymond   ;raymond.laroche@example.com    ;23;Vasseur-les-Bains         ;Maroc;7.94
1306;Loiseau  ;Nath      ;nath.loiseau@example.com       ;23;Fleurydan                 ;Maroc;9.96
1321;Picard   ;Anne      ;anne.picard@example.com        ;25;Delattre                  ;Maroc;8.9
1366;Goncalves;Roland    ;roland.goncalves@example.com   ;24;Lefebvre                  ;Maroc;9.11
1375;Coulon   ;François  ;françois.coulon@example.com    ;21;Leroy-sur-Pichon          ;Maroc;9.26
1411;Meunier  ;Étienne   ;étienne.meunier@example.com    ;21;Ollivier-sur-Bègue        ;Maroc;7.14
1429;Richard  ;Noémi     ;noémi.richard@example.com      ;19;Guibert                   ;Maroc;7.03
1444;Lucas    ;Marthe    ;marthe.lucas@example.com       ;21;Saint Tristan             ;Maroc;8.42
1447;Da Costa ;Benoît    ;benoît.da costa@example.com    ;18;Besson                    ;Maroc;7.11
1459;Monnier  ;Bernadette;bernadette.monnier@example.com ;23;Robin                     ;Maroc;9.45
1465;Gilbert  ;Marianne  ;marianne.gilbert@example.com   ;23;Sainte Richarddan         ;Maroc;7.39
1474;Bertin   ;Augustin  ;augustin.bertin@example.com    ;23;Saint William-les-Bains   ;Maroc;8.48
1489;Jourdan  ;Pierre    ;pierre.jourdan@example.com     ;25;Legendre                  ;Maroc;7
1516;Bonneau  ;Maggie    ;maggie.bonneau@example.com     ;21;RenardVille               ;Maroc;8.41
1528;Raynaud  ;Inès      ;inès.raynaud@example.com       ;19;Laroche-les-Bains         ;Maroc;9.77
1534;Chevallie;Marcel    ;marcel.chevallier@example.com  ;18;Sainte Marcelledan        ;Maroc;7.77
1540;Guillon  ;Élisabeth ;élisabeth.guillon@example.com  ;20;Martinboeuf               ;Maroc;7.84
1567;Guilbert ;Vincent   ;vincent.guilbert@example.com   ;20;Lopes                     ;Maroc;7.35
1573;Schmitt  ;Julien    ;julien.schmitt@example.com     ;20;Rey-sur-Menard            ;Maroc;9.19
1582;Blanchet ;Gérard    ;gérard.blanchet@example.com    ;23;Saint Alain               ;Maroc;9.83
1585;Picard   ;Rémy      ;rémy.picard@example.com        ;20;Lecomte                   ;Maroc;9.25
1591;Hamon    ;Jeanne    ;jeanne.hamon@example.com       ;20;Klein-sur-Duval           ;Maroc;7.63
1600;Bertin   ;Alix      ;alix.bertin@example.com        ;20;Sainte Christiane         ;Maroc;7
1612;Sauvage  ;Théophile ;théophile.sauvage@example.com  ;22;Saint Stéphane            ;Maroc;9.4
1621;Jacques  ;Thierry   ;thierry.jacques@example.com    ;24;Saint MadeleineVille      ;Maroc;8.23
1624;Guérin   ;Lucas     ;lucas.guérin@example.com       ;25;Saint Audreyboeuf         ;Maroc;7.67
1630;Pereira  ;Martin    ;martin.pereira@example.com     ;20;Menard                    ;Maroc;8.25
1645;Roussel  ;Anaïs     ;anaïs.roussel@example.com      ;18;Verdierboeuf              ;Maroc;7.47
1663;Nguyen   ;Charlotte ;charlotte.nguyen@example.com   ;25;Sainte Lucas-les-Bains    ;Maroc;7.54
1666;Courtois ;Christelle;christelle.courtois@example.com;23;Millet                    ;Maroc;7.81
1669;Nicolas  ;Martine   ;martine.nicolas@example.com    ;18;Morel                     ;Maroc;7.15
1675;Robin    ;Simone    ;simone.robin@example.com       ;18;Lebrun-sur-Leclerc        ;Maroc;7.32
1738;Noël     ;Stéphanie ;stéphanie.noël@example.com     ;19;Saint Émilie              ;Maroc;9.34
1744;Marques  ;Océane    ;océane.marques@example.com     ;25;Hervé                     ;Maroc;7.38
1750;Benard   ;Odette    ;odette.benard@example.com      ;20;Camus-sur-Mer             ;Maroc;9.95
1759;Noël     ;Emmanuelle;emmanuelle.noël@example.com    ;22;Martynec                  ;Maroc;7.81
1792;Rousseau ;Louis     ;louis.rousseau@example.com     ;21;Saint Julesdan            ;Maroc;7.73
1804;Chartier ;Maggie    ;maggie.chartier@example.com    ;21;Guilbert                  ;Maroc;7.83
1810;Gilles   ;Nathalie  ;nathalie.gilles@example.com    ;21;Lacroix                   ;Maroc;8.55
1822;Martin   ;Denis     ;denis.martin@example.com       ;19;CordierBourg              ;Maroc;9.05
1828;Techer   ;Dorothée  ;dorothée.techer@example.com    ;24;Gilles-sur-Barbier        ;Maroc;9.07
1840;Barbier  ;Marianne  ;marianne.barbier@example.com   ;21;Barre-sur-Mer             ;Maroc;9.25
1861;Nguyen   ;Céline    ;céline.nguyen@example.com      ;19;Michaud                   ;Maroc;9
1879;Petitjean;Alain     ;alain.petitjean@example.com    ;25;Royer-sur-Pottier         ;Maroc;9.73
1891;Bernier  ;Jules     ;jules.bernier@example.com      ;22;Prévost                   ;Maroc;9.63
1906;Toussaint;Michèle   ;michèle.toussaint@example.com  ;21;Grondin                   ;Maroc;7.06
1912;Dupré    ;Louis     ;louis.dupré@example.com        ;22;Raymond                   ;Maroc;7.94
1918;Robert   ;Emmanuel  ;emmanuel.robert@example.com    ;21;Martin                    ;Maroc;9.61
1930;Bègue    ;Diane     ;diane.bègue@example.com        ;25;Robert                    ;Maroc;7.64
1948;Delahaye ;Marcelle  ;marcelle.delahaye@example.com  ;21;Sainte Margueritenec      ;Maroc;8.8
1966;Henry    ;Tristan   ;tristan.henry@example.com      ;24;Caron                     ;Maroc;7.06
1972;Verdier  ;Sylvie    ;sylvie.verdier@example.com     ;24;Sainte Édouardnec         ;Maroc;8.85
2005;Rodrigues;Emmanuel  ;emmanuel.rodrigues@example.com ;22;Pereiraboeuf              ;Maroc;9.63
2023;Ferreira ;Marcel    ;marcel.ferreira@example.com    ;22;Lacroix                   ;Maroc;8.3
2035;Monnier  ;Roland    ;roland.monnier@example.com     ;25;Pottier-la-Forêt          ;Maroc;7.15
2047;Jacquet  ;Jacques   ;jacques.jacquet@example.com    ;20;Sainte Antoinette         ;Maroc;7.25
2050;Brunet   ;Charlotte ;charlotte.brunet@example.com   ;22;Le Roux                   ;Maroc;8.86
2053;Charrier ;Étienne   ;étienne.charrier@example.com   ;19;Didier                    ;Maroc;8.48
2071;Lambert  ;Laetitia  ;laetitia.lambert@example.com   ;18;Saint Alphonsedan         ;Maroc;9.24
2074;Moreno   ;Gérard    ;gérard.moreno@example.com      ;23;Gros-sur-Duhamel          ;Maroc;9.47
2080;Salmon   ;Aimé      ;aimé.salmon@example.com        ;21;Gilles-sur-Breton         ;Maroc;8.37
2089;Pichon   ;Victoire  ;victoire.pichon@example.com    ;22;Sainte Éric               ;Maroc;9.94
2092;Philippe ;Monique   ;monique.philippe@example.com   ;21;Giraud                    ;Maroc;9.8
2125;Hoareau  ;Inès      ;inès.hoareau@example.com       ;21;Briand                    ;Maroc;7.95
2128;Rolland  ;Jérôme    ;jérôme.rolland@example.com     ;22;Diallo-la-Forêt           ;Maroc;9.17
2176;Lacroix  ;Timothée  ;timothée.lacroix@example.com   ;22;Hervé-sur-Delattre        ;Maroc;8.72
2179;Maury    ;Julien    ;julien.maury@example.com       ;21;Vasseur-les-Bains         ;Maroc;9.8
2203;Leconte  ;Isaac     ;isaac.leconte@example.com      ;19;HoareauBourg              ;Maroc;8.72
2221;Berger   ;Marcel    ;marcel.berger@example.com      ;25;Saint BernardVille        ;Maroc;7.03
2311;Diaz     ;Laurence  ;laurence.diaz@example.com      ;23;Henry-les-Bains           ;Maroc;7.74
2323;Laroche  ;Édith     ;édith.laroche@example.com      ;23;Peltier                   ;Maroc;9.86
2338;Gallet   ;Anouk     ;anouk.gallet@example.com       ;23;Sainte Corinne            ;Maroc;8.43
2368;Picard   ;Daniel    ;daniel.picard@example.com      ;24;Vaillant                  ;Maroc;8.48
2383;Bousquet ;Emmanuel  ;emmanuel.bousquet@example.com  ;25;Dos SantosBourg           ;Maroc;7.38
2386;Bailly   ;Émile     ;émile.bailly@example.com       ;20;DevauxBourg               ;Maroc;9.9
2398;Lemaire  ;Anne      ;anne.lemaire@example.com       ;23;Faivre-la-Forêt           ;Maroc;9.4
2401;Charrier ;Sylvie    ;sylvie.charrier@example.com    ;24;Sauvage                   ;Maroc;9.62
2410;Schmitt  ;André     ;andré.schmitt@example.com      ;19;Renaultnec                ;Maroc;7.84
2434;Mary     ;Benjamin  ;benjamin.mary@example.com      ;20;Morvan                    ;Maroc;8.29
2452;Noël     ;Valentine ;valentine.noël@example.com     ;19;Ribeiro-sur-Maillet       ;Maroc;7.54
2461;Pires    ;Noël      ;noël.pires@example.com         ;23;Regnier                   ;Maroc;9.15
2479;Loiseau  ;Brigitte  ;brigitte.loiseau@example.com   ;23;Jean-sur-Mer              ;Maroc;7.51
2485;Brunet   ;Adrien    ;adrien.brunet@example.com      ;24;Saint NicolasBourg        ;Maroc;8.01
2488;Pichon   ;Victoire  ;victoire.pichon@example.com    ;21;Saint Céline-la-Forêt     ;Maroc;7.05
2491;Pruvost  ;Marianne  ;marianne.pruvost@example.com   ;22;Sanchez                   ;Maroc;9.8
2497;Leclercq ;Suzanne   ;suzanne.leclercq@example.com   ;20;Pruvostboeuf              ;Maroc;9.28
2563;Masse    ;Simone    ;simone.masse@example.com       ;25;Meunierdan                ;Maroc;9.84
2572;Clerc    ;Théodore  ;théodore.clerc@example.com     ;18;Saint PénélopeVille       ;Maroc;7.49
2575;Muller   ;Aurore    ;aurore.muller@example.com      ;23;Pons                      ;Maroc;8.41
2602;Colin    ;Anne      ;anne.colin@example.com         ;20;Saint Jérôme              ;Maroc;7.41
2608;Descamps ;Emmanuel  ;emmanuel.descamps@example.com  ;21;Saint Stéphanedan         ;Maroc;9.68
2623;Royer    ;Nath      ;nath.royer@example.com         ;24;Poirier                   ;Maroc;7.54
2653;Lelièvre ;Élisabeth ;élisabeth.lelièvre@example.com ;21;LeclercVille              ;Maroc;7.39
2662;Barbe    ;Martin    ;martin.barbe@example.com       ;22;Sainte Philippine         ;Maroc;9.4
2665;Chartier ;Camille   ;camille.chartier@example.com   ;22;Vallet                    ;Maroc;9.8
2668;Faure    ;Gérard    ;gérard.faure@example.com       ;22;Saint Claude              ;Maroc;8.85
2674;Chevallie;Geneviève ;geneviève.chevallier@example.co;24;Sainte Édouard            ;Maroc;7.08
2707;Loiseau  ;Margaud   ;margaud.loiseau@example.com    ;21;Mathieu-sur-Mer           ;Maroc;8.72
2713;Marin    ;Élodie    ;élodie.marin@example.com       ;22;FournierVille             ;Maroc;9.59
2743;Charrier ;Capucine  ;capucine.charrier@example.com  ;22;Lacroix-sur-Pages         ;Maroc;7.13
2746;Gosselin ;Hugues    ;hugues.gosselin@example.com    ;25;Garciadan                 ;Maroc;7.9
2794;Raynaud  ;Laurence  ;laurence.raynaud@example.com   ;21;Sainte André              ;Maroc;9.69
2809;Leleu    ;David     ;david.leleu@example.com        ;20;Simon-sur-Prévost         ;Maroc;9.48
2815;Letellier;Paulette  ;paulette.letellier@example.com ;25;Vidal                     ;Maroc;9.52
2818;Barbier  ;Marianne  ;marianne.barbier@example.com   ;25;Carpentierdan             ;Maroc;9.57
2821;Guillet  ;Alfred    ;alfred.guillet@example.com     ;23;Imbert                    ;Maroc;9.81
2845;Navarro  ;Dominique ;dominique.navarro@example.com  ;20;Michaud                   ;Maroc;7.18
2848;Louis    ;Suzanne   ;suzanne.louis@example.com      ;20;Jacquet                   ;Maroc;9.91
2860;Martineau;Christelle;christelle.martineau@example.co;23;Collinnec                 ;Maroc;9.58
2896;Launay   ;Isaac     ;isaac.launay@example.com       ;23;LamyBourg                 ;Maroc;9.65
2908;Rossi    ;Yves      ;yves.rossi@example.com         ;20;Costa                     ;Maroc;9.65
2914;Laurent  ;Susanne   ;susanne.laurent@example.com    ;18;Courtois                  ;Maroc;8.05
2965;Rodriguez;Franck    ;franck.rodriguez@example.com   ;18;Foucher                   ;Maroc;8.99
2968;Lévy     ;Noël      ;noël.lévy@example.com          ;20;FernandesVille            ;Maroc;9.31
2986;Collin   ;Guy       ;guy.collin@example.com         ;25;Gros-sur-Descamps         ;Maroc;8.97
3010;Berger   ;Élisabeth ;élisabeth.berger@example.com   ;22;Rousset                   ;Maroc;7.6
3013;Fischer  ;Élise     ;élise.fischer@example.com      ;18;Duval                     ;Maroc;9.5
3016;Roy      ;Alfred    ;alfred.roy@example.com         ;22;Guillotboeuf              ;Maroc;9.91
3031;Lebreton ;Éléonore  ;éléonore.lebreton@example.com  ;18;Sainte Emmanuelleboeuf    ;Maroc;8.08
3058;Pelletier;Gabriel   ;gabriel.pelletier@example.com  ;25;Saint Hortense            ;Maroc;9.27
3079;Bazin    ;Pauline   ;pauline.bazin@example.com      ;25;Ribeiro                   ;Maroc;9.53
3136;Michel   ;Margaud   ;margaud.michel@example.com     ;20;Marchal                   ;Maroc;7.71
3154;Girard   ;Antoine   ;antoine.girard@example.com     ;18;Martel-les-Bains          ;Maroc;8.78
3163;Bodin    ;Margaret  ;margaret.bodin@example.com     ;22;Hebertdan                 ;Maroc;9.89
3166;Thomas   ;Marcel    ;marcel.thomas@example.com      ;18;Vidal                     ;Maroc;8.9
3175;Vincent  ;Margot    ;margot.vincent@example.com     ;21;Le Goffboeuf              ;Maroc;7.73
3184;Pruvost  ;Maryse    ;maryse.pruvost@example.com     ;25;De SousaVille             ;Maroc;9.14
3190;Hubert   ;Diane     ;diane.hubert@example.com       ;24;Toussaint                 ;Maroc;7.85
3205;Letellier;Anaïs     ;anaïs.letellier@example.com    ;23;Sainte Charles            ;Maroc;7.06
3211;Thibault ;Sophie    ;sophie.thibault@example.com    ;21;Pottier-sur-Didier        ;Maroc;7.36
3235;Aubert   ;Lucas     ;lucas.aubert@example.com       ;19;Caron-la-Forêt            ;Maroc;9.07
3250;Raymond  ;Étienne   ;étienne.raymond@example.com    ;18;Baron                     ;Maroc;8.67
3253;Brunel   ;François  ;françois.brunel@example.com    ;19;Sainte Chantal            ;Maroc;7.87
3262;Girard   ;Dorothée  ;dorothée.girard@example.com    ;19;Bigot                     ;Maroc;8.02
3265;Diaz     ;Inès      ;inès.diaz@example.com          ;23;Saint Véronique           ;Maroc;7.98
3280;Baudry   ;Amélie    ;amélie.baudry@example.com      ;20;MullerVille               ;Maroc;7.96
3295;Delattre ;Laure     ;laure.delattre@example.com     ;24;Sainte Martine            ;Maroc;8.03
3313;Valette  ;André     ;andré.valette@example.com      ;19;Chevalier-sur-Gauthier    ;Maroc;7.04
3319;Roger    ;Auguste   ;auguste.roger@example.com      ;20;Le Roux                   ;Maroc;9.77
3340;Mahe     ;Paulette  ;paulette.mahe@example.com      ;18;Durand-sur-Mer            ;Maroc;9.11
3349;Schmitt  ;Jules     ;jules.schmitt@example.com      ;24;Reynaud-sur-Martins       ;Maroc;7.03
3385;Olivier  ;Élise     ;élise.olivier@example.com      ;21;Pascal                    ;Maroc;7.11
3394;Charrier ;Marc      ;marc.charrier@example.com      ;22;Léger-la-Forêt            ;Maroc;9.8
3397;Ledoux   ;Alix      ;alix.ledoux@example.com        ;23;Paulnec                   ;Maroc;7.74
3400;Hoareau  ;Laurent   ;laurent.hoareau@example.com    ;19;Sainte AgnèsVille         ;Maroc;9.21
3403;Guillou  ;Odette    ;odette.guillou@example.com     ;20;Royer-sur-Mer             ;Maroc;8.16
3406;Roussel  ;Maryse    ;maryse.roussel@example.com     ;25;Blondel-sur-Colin         ;Maroc;9.83
3409;Maréchal ;Zoé       ;zoé.maréchal@example.com       ;25;TurpinVille               ;Maroc;7.57
3430;Louis    ;Laurence  ;laurence.louis@example.com     ;20;Pruvost                   ;Maroc;9.82
3433;Chartier ;Alexandria;alexandria.chartier@example.com;24;Goncalves                 ;Maroc;8.99
3436;Louis    ;Éléonore  ;éléonore.louis@example.com     ;22;Dupré                     ;Maroc;7.61
3442;Blondel  ;Hugues    ;hugues.blondel@example.com     ;19;Sainte Paulette           ;Maroc;8.34
3454;Laroche  ;Émilie    ;émilie.laroche@example.com     ;24;Guicharddan               ;Maroc;8.8
3457;Aubert   ;André     ;andré.aubert@example.com       ;24;Lefèvredan                ;Maroc;8.14
3460;Bousquet ;Eugène    ;eugène.bousquet@example.com    ;22;Bonnindan                 ;Maroc;7.08
3466;Normand  ;Laurent   ;laurent.normand@example.com    ;23;Girard                    ;Maroc;8.73
3472;Mace     ;Lucy      ;lucy.mace@example.com          ;21;Légernec                  ;Maroc;8.1
3487;Guillaume;Bernard   ;bernard.guillaume@example.com  ;23;Baron-les-Bains           ;Maroc;7.91
3493;Costa    ;Tristan   ;tristan.costa@example.com      ;19;Rossi-sur-Gonzalez        ;Maroc;7.37
3499;Roche    ;Christelle;christelle.roche@example.com   ;22;Thierry-sur-Mer           ;Maroc;8.19
3505;Pottier  ;Louis     ;louis.pottier@example.com      ;18;Maréchal-la-Forêt         ;Maroc;9.23
3511;Clément  ;Danielle  ;danielle.clément@example.com   ;21;Gaillarddan               ;Maroc;9.73
3514;Blondel  ;Joseph    ;joseph.blondel@example.com     ;19;AubryVille                ;Maroc;9.86
3517;Gautier  ;Maggie    ;maggie.gautier@example.com     ;24;Lucasnec                  ;Maroc;7.84
3523;Colin    ;Jeannine  ;jeannine.colin@example.com     ;20;Techer-la-Forêt           ;Maroc;7.71
3526;Thibault ;Agathe    ;agathe.thibault@example.com    ;23;Pires-sur-Maillard        ;Maroc;8.93
3541;Jourdan  ;Noémi     ;noémi.jourdan@example.com      ;23;Barre-sur-Mer             ;Maroc;7.07
3583;Bouvet   ;Lucas     ;lucas.bouvet@example.com       ;24;ChauvinVille              ;Maroc;8.04
3586;Guilbert ;Jules     ;jules.guilbert@example.com     ;20;Daniel                    ;Maroc;8.22
3589;Delmas   ;Sophie    ;sophie.delmas@example.com      ;24;Breton                    ;Maroc;8.78
3637;Thibault ;Élise     ;élise.thibault@example.com     ;19;Dumont-sur-Mer            ;Maroc;7.41
3640;Leroy    ;Arnaude   ;arnaude.leroy@example.com      ;23;Vaillant-la-Forêt         ;Maroc;7.65
3691;Guyot    ;Vincent   ;vincent.guyot@example.com      ;20;Ferrand                   ;Maroc;9.94
3703;Durand   ;Antoinette;antoinette.durand@example.com  ;22;Meyer                     ;Maroc;9.62
3712;Delmas   ;Mathilde  ;mathilde.delmas@example.com    ;23;Fouquet                   ;Maroc;9.1
3724;Faivre   ;Roger     ;roger.faivre@example.com       ;20;Mauryboeuf                ;Maroc;7.39
3730;Gomez    ;Édith     ;édith.gomez@example.com        ;22;Gilles                    ;Maroc;8.62
3739;Bousquet ;Nicole    ;nicole.bousquet@example.com    ;18;Saint Lucas-la-Forêt      ;Maroc;7.36
3742;Breton   ;Christiane;christiane.breton@example.com  ;24;Blondelnec                ;Maroc;7.46
3745;Delattre ;David     ;david.delattre@example.com     ;21;Cordier-la-Forêt          ;Maroc;7.06
3754;Picard   ;Augustin  ;augustin.picard@example.com    ;24;Moulin-les-Bains          ;Maroc;9.96
3766;Bourgeois;Pénélope  ;pénélope.bourgeois@example.com ;18;Camusdan                  ;Maroc;9.82
3775;Guillet  ;François  ;françois.guillet@example.com   ;24;Charpentier               ;Maroc;8.88
3778;Nguyen   ;Alexandrie;alexandrie.nguyen@example.com  ;20;Saint Françoisboeuf       ;Maroc;7.85
3787;Neveu    ;Matthieu  ;matthieu.neveu@example.com     ;25;Leduc-sur-Diallo          ;Maroc;8.8
3793;Blondel  ;Margaret  ;margaret.blondel@example.com   ;24;Delahaye                  ;Maroc;7.86
3811;Bègue    ;Christelle;christelle.bègue@example.com   ;23;Vallée                    ;Maroc;8.72
3820;Pineau   ;Chantal   ;chantal.pineau@example.com     ;20;Benoit-les-Bains          ;Maroc;8.82
3826;Thierry  ;Virginie  ;virginie.thierry@example.com   ;22;Jacquet-la-Forêt          ;Maroc;8.07
3847;Chevalier;Jérôme    ;jérôme.chevalier@example.com   ;23;Saint Guillaume           ;Maroc;8.23
3871;Hamon    ;Arthur    ;arthur.hamon@example.com       ;25;Pascal-sur-Mer            ;Maroc;7.08
3901;Duval    ;Vincent   ;vincent.duval@example.com      ;19;Breton                    ;Maroc;9.69
3925;Julien   ;Lucy      ;lucy.julien@example.com        ;20;Rey                       ;Maroc;8.36
3955;Briand   ;Amélie    ;amélie.briand@example.com      ;21;Maillard                  ;Maroc;7.51
3961;Guillou  ;Sabine    ;sabine.guillou@example.com     ;24;Saint CécileBourg         ;Maroc;8.43
3967;Boyer    ;Adrienne  ;adrienne.boyer@example.com     ;22;Merle                     ;Maroc;8.8
3997;Mercier  ;Hugues    ;hugues.mercier@example.com     ;18;Leroux-les-Bains          ;Maroc;9.51
4030;Le Goff  ;Christophe;christophe.le goff@example.com ;25;Leleu                     ;Maroc;8.87
4036;Mathieu  ;Victoire  ;victoire.mathieu@example.com   ;24;Picard                    ;Maroc;7.69
4039;Pereira  ;Victor    ;victor.pereira@example.com     ;25;Guillot                   ;Maroc;8.11
4051;Lenoir   ;Hélène    ;hélène.lenoir@example.com      ;21;Navarro                   ;Maroc;7.99
4147;Martinez ;Susan     ;susan.martinez@example.com     ;18;Dupré                     ;Maroc;7.54
4171;Gautier  ;Maurice   ;maurice.gautier@example.com    ;22;Sainte Patrick            ;Maroc;8.3
4177;Pasquier ;Vincent   ;vincent.pasquier@example.com   ;24;Pierre                    ;Maroc;7.13
4180;Albert   ;Andrée    ;andrée.albert@example.com      ;19;Ferrandboeuf              ;Maroc;9.27
4198;Delahaye ;Émile     ;émile.delahaye@example.com     ;21;Albert                    ;Maroc;9.53
4216;Da Costa ;Louise    ;louise.da costa@example.com    ;21;Sainte Gabrielle          ;Maroc;8.31
4264;Bousquet ;Mathilde  ;mathilde.bousquet@example.com  ;19;Guillou                   ;Maroc;8.15
4270;Delaunay ;Sylvie    ;sylvie.delaunay@example.com    ;19;Adamboeuf                 ;Maroc;9.9
4309;Gay      ;Éric      ;éric.gay@example.com           ;25;Sainte Odette             ;Maroc;7.97
4312;Hervé    ;Catherine ;catherine.hervé@example.com    ;18;Sainte Mathilde           ;Maroc;8.97
4324;Clément  ;Lorraine  ;lorraine.clément@example.com   ;18;Roussel                   ;Maroc;9.28
4327;Gaillard ;Benjamin  ;benjamin.gaillard@example.com  ;22;Saint Valérie             ;Maroc;9.42
4333;Raynaud  ;Monique   ;monique.raynaud@example.com    ;18;Saint Michèle             ;Maroc;9.66
4336;Faivre   ;Émilie    ;émilie.faivre@example.com      ;20;Guillon                   ;Maroc;8.98
4387;Marchal  ;Hortense  ;hortense.marchal@example.com   ;21;Rodriguez                 ;Maroc;7.53
4423;Leconte  ;Véronique ;véronique.leconte@example.com  ;21;Blanchard-sur-Jean        ;Maroc;9.74
4426;Rousset  ;Célina    ;célina.rousset@example.com     ;24;Boulay                    ;Maroc;9.64
4435;Charpenti;Alphonse  ;alphonse.charpentier@example.co;25;Payet-la-Forêt            ;Maroc;9.13
4453;Fournier ;William   ;william.fournier@example.com   ;21;Lombard                   ;Maroc;8.65
4462;Fabre    ;Laurent   ;laurent.fabre@example.com      ;24;Sainte Honoré             ;Maroc;9.67
4474;Baron    ;Yves      ;yves.baron@example.com         ;22;Martins-sur-Moreau        ;Maroc;8.27
4477;Perrier  ;Célina    ;célina.perrier@example.com     ;24;Lamynec                   ;Maroc;7.97
4489;Regnier  ;Nathalie  ;nathalie.regnier@example.com   ;18;Vidal                     ;Maroc;7.02
4501;Lelièvre ;Nathalie  ;nathalie.lelièvre@example.com  ;22;Renaultnec                ;Maroc;8.42
4504;Benoit   ;Pierre    ;pierre.benoit@example.com      ;24;Sainte Lucy               ;Maroc;9.13
4528;Michaud  ;Marguerite;marguerite.michaud@example.com ;19;Saint Laurentnec          ;Maroc;7.69
4534;Lenoir   ;Jacques   ;jacques.lenoir@example.com     ;20;Greniernec                ;Maroc;9.28
4570;Le Gall  ;Victoire  ;victoire.le gall@example.com   ;22;Humbert-la-Forêt          ;Maroc;9.31
4594;Chartier ;Constance ;constance.chartier@example.com ;21;Allain-sur-Thomas         ;Maroc;8.52
4597;Nicolas  ;Thérèse   ;thérèse.nicolas@example.com    ;22;Brunetnec                 ;Maroc;9.46
4600;Gauthier ;Margot    ;margot.gauthier@example.com    ;22;Diaz                      ;Maroc;7.62
4606;Sanchez  ;Benjamin  ;benjamin.sanchez@example.com   ;23;Pages                     ;Maroc;8.94
4633;Schneider;Édouard   ;édouard.schneider@example.com  ;25;Tanguy-sur-Mace           ;Maroc;8.02
4636;Duval    ;Anne      ;anne.duval@example.com         ;19;Leduc                     ;Maroc;9.74
4702;Foucher  ;Michel    ;michel.foucher@example.com     ;21;Mahe                      ;Maroc;8.3
4723;Martel   ;Marcelle  ;marcelle.martel@example.com    ;21;Neveu-sur-Mer             ;Maroc;7.29
4759;Lopez    ;Maryse    ;maryse.lopez@example.com       ;19;Noël-sur-Bouvier          ;Maroc;9.62
4771;Roger    ;Margaux   ;margaux.roger@example.com      ;21;Parent                    ;Maroc;9.44
4843;Laine    ;Daniel    ;daniel.laine@example.com       ;24;Sainte Charlottedan       ;Maroc;8.99
4855;Hubert   ;Marthe    ;marthe.hubert@example.com      ;18;Lecomte-sur-Allain        ;Maroc;7.23
4885;Voisin   ;Lucas     ;lucas.voisin@example.com       ;25;Gilbert                   ;Maroc;8.96
4891;Nguyen   ;Daniel    ;daniel.nguyen@example.com      ;19;Guillon                   ;Maroc;8.95
4897;Weber    ;Aimé      ;aimé.weber@example.com         ;22;Faivre                    ;Maroc;7.83
4900;Millet   ;Emmanuel  ;emmanuel.millet@example.com    ;21;Faivre-sur-Descamps       ;Maroc;7.09
4909;Poulain  ;Matthieu  ;matthieu.poulain@example.com   ;21;Lecoq-sur-Bousquet        ;Maroc;7.37
4942;Leduc    ;Arnaude   ;arnaude.leduc@example.com      ;21;ClercBourg                ;Maroc;9.19
4984;Brun     ;Laurence  ;laurence.brun@example.com      ;25;Lebrunboeuf               ;Maroc;9.29
4990;François ;Alphonse  ;alphonse.françois@example.com  ;25;Daniel                    ;Maroc;8.65
4993;Lebreton ;Inès      ;inès.lebreton@example.com      ;22;Guibert                   ;Maroc;7.16
5005;Fouquet  ;Martin    ;martin.fouquet@example.com     ;21;Ribeiro-sur-Perez         ;Maroc;9.68
5008;Dupont   ;Théodore  ;théodore.dupont@example.com    ;23;Leduc                     ;Maroc;8.26
5011;Michaud  ;Aimé      ;aimé.michaud@example.com       ;24;Laporte-sur-Dupont        ;Maroc;9.14
5029;Joubert  ;Françoise ;françoise.joubert@example.com  ;21;Collet                    ;Maroc;9.92
5032;Delattre ;Marine    ;marine.delattre@example.com    ;22;Rocher                    ;Maroc;8.06
5038;Moreno   ;Nathalie  ;nathalie.moreno@example.com    ;20;Petitjeandan              ;Maroc;7.44
5044;Lambert  ;Pauline   ;pauline.lambert@example.com    ;20;Roy                       ;Maroc;7.45
5059;Chauvet  ;Raymond   ;raymond.chauvet@example.com    ;21;Gaudin                    ;Maroc;9.97
5080;Lacombe  ;Tristan   ;tristan.lacombe@example.com    ;21;Lopez-sur-Roche           ;Maroc;7.66
5119;Pruvost  ;Philippe  ;philippe.pruvost@example.com   ;19;Ramos                     ;Maroc;8.98
5137;Carpentie;Laurent   ;laurent.carpentier@example.com ;24;Leblanc-la-Forêt          ;Maroc;7.97
5143;Gautier  ;Philippe  ;philippe.gautier@example.com   ;24;Charles                   ;Maroc;7.21
5167;Pineau   ;Thérèse   ;thérèse.pineau@example.com     ;21;Rey                       ;Maroc;7.34
5176;Petitjean;Honoré    ;honoré.petitjean@example.com   ;18;Guérinnec                 ;Maroc;7.23
5191;Laporte  ;Sabine    ;sabine.laporte@example.com     ;20;Dijoux-les-Bains          ;Maroc;9.88
5197;Monnier  ;Frédéric  ;frédéric.monnier@example.com   ;18;Renaudboeuf               ;Maroc;9.87
5212;Philippe ;Emmanuel  ;emmanuel.philippe@example.com  ;20;Lefèvre                   ;Maroc;8.39
5221;Paul     ;Alphonse  ;alphonse.paul@example.com      ;22;Maillot                   ;Maroc;7.06
5233;Munoz    ;Océane    ;océane.munoz@example.com       ;19;Sainte Olivier            ;Maroc;9.82
5248;Rodriguez;Catherine ;catherine.rodriguez@example.com;24;Martins                   ;Maroc;9.64
5257;Mercier  ;Luc       ;luc.mercier@example.com        ;22;Lecomtenec                ;Maroc;7.31
5260;Julien   ;Gabrielle ;gabrielle.julien@example.com   ;19;Étienne-la-Forêt          ;Maroc;7.4
5266;Besnard  ;Élodie    ;élodie.besnard@example.com     ;20;Fernandes-la-Forêt        ;Maroc;7.6
5272;Delahaye ;Denise    ;denise.delahaye@example.com    ;22;Berger-sur-Martinez       ;Maroc;9.14
5278;Hubert   ;Gilbert   ;gilbert.hubert@example.com     ;23;Saint Manon               ;Maroc;7.77
5284;Dufour   ;Bernard   ;bernard.dufour@example.com     ;19;Bazin-les-Bains           ;Maroc;8.69
5296;Roux     ;André     ;andré.roux@example.com         ;24;RoyerVille                ;Maroc;9.88
5299;Ruiz     ;Simone    ;simone.ruiz@example.com        ;24;Bousquetboeuf             ;Maroc;9.85
5311;Morin    ;Philippine;philippine.morin@example.com   ;18;Barthelemy                ;Maroc;9.62
5314;Georges  ;Robert    ;robert.georges@example.com     ;24;Hoarau                    ;Maroc;8.49
5320;Mendès   ;Michèle   ;michèle.mendès@example.com     ;18;Saint Alphonsedan         ;Maroc;7.9
5329;Guyot    ;Monique   ;monique.guyot@example.com      ;18;ValetteVille              ;Maroc;8.5
5332;Coulon   ;Sabine    ;sabine.coulon@example.com      ;25;Baudry-sur-De Oliveira    ;Maroc;9.62
5347;Lemaire  ;Michèle   ;michèle.lemaire@example.com    ;20;Deschampsnec              ;Maroc;9.44
5359;Hervé    ;Benoît    ;benoît.hervé@example.com       ;21;Sainte Augustedan         ;Maroc;7.22
5386;Hamel    ;Anouk     ;anouk.hamel@example.com        ;23;NormandBourg              ;Maroc;9.59
5401;Arnaud   ;Franck    ;franck.arnaud@example.com      ;24;Coste-la-Forêt            ;Maroc;9.04
5404;Valentin ;Joseph    ;joseph.valentin@example.com    ;24;Sainte Célina             ;Maroc;7.5
5407;Martinez ;Thérèse   ;thérèse.martinez@example.com   ;23;Richard                   ;Maroc;8.01
5410;Dupont   ;Guillaume ;guillaume.dupont@example.com   ;19;Michaud                   ;Maroc;8.86
5419;Leconte  ;Bertrand  ;bertrand.leconte@example.com   ;19;Sainte Odette-sur-Mer     ;Maroc;9.73
5431;Morvan   ;Zacharie  ;zacharie.morvan@example.com    ;18;DiazVille                 ;Maroc;7.08
5437;Duval    ;Aimé      ;aimé.duval@example.com         ;24;Boucher                   ;Maroc;7.8
5446;Renault  ;Monique   ;monique.renault@example.com    ;19;Henry                     ;Maroc;9.05
5482;Prévost  ;Pauline   ;pauline.prévost@example.com    ;22;Saint Susan               ;Maroc;7.91
5533;Delaunay ;Christelle;christelle.delaunay@example.com;25;Da Costa-les-Bains        ;Maroc;9.95
5563;Martineau;Élisabeth ;élisabeth.martineau@example.com;19;Potier                    ;Maroc;9.99
5569;Chauvet  ;Léon      ;léon.chauvet@example.com       ;22;Perrot                    ;Maroc;9.83
5575;Nicolas  ;Jeannine  ;jeannine.nicolas@example.com   ;21;Saint Émilie              ;Maroc;8.34
5608;Cordier  ;Bernadette;bernadette.cordier@example.com ;23;Caron                     ;Maroc;7.91
5629;Wagner   ;Zoé       ;zoé.wagner@example.com         ;20;Sainte Emmanuel           ;Maroc;7.21
5644;Blanc    ;Astrid    ;astrid.blanc@example.com       ;22;VasseurVille              ;Maroc;8.27
5650;Deschamps;Antoine   ;antoine.deschamps@example.com  ;21;Maillard                  ;Maroc;7.98
5665;Bouvet   ;Hugues    ;hugues.bouvet@example.com      ;19;GiraudBourg               ;Maroc;8.95
5713;Perez    ;Denise    ;denise.perez@example.com       ;25;Fischerboeuf              ;Maroc;7.5
5725;Thierry  ;Raymond   ;raymond.thierry@example.com    ;19;Hernandez                 ;Maroc;7.18
5728;Pereira  ;Anouk     ;anouk.pereira@example.com      ;19;RaynaudVille              ;Maroc;7.1
5773;Vincent  ;Jean      ;jean.vincent@example.com       ;25;MonnierVille              ;Maroc;8.39
5776;Dupré    ;Amélie    ;amélie.dupré@example.com       ;18;Delannoy-sur-Millet       ;Maroc;7.82
5791;Buisson  ;Stéphanie ;stéphanie.buisson@example.com  ;25;Parent                    ;Maroc;8.53
5821;Lelièvre ;Élisabeth ;élisabeth.lelièvre@example.com ;25;Saint Élisabeth           ;Maroc;9.47
5863;Meyer    ;Brigitte  ;brigitte.meyer@example.com     ;20;Legrand                   ;Maroc;9.4
5872;Roussel  ;Camille   ;camille.roussel@example.com    ;20;Julien                    ;Maroc;9.06
5884;Lombard  ;Isabelle  ;isabelle.lombard@example.com   ;22;Michel                    ;Maroc;9.52
5893;Mahe     ;Margaret  ;margaret.mahe@example.com      ;22;Rousset-sur-Valette       ;Maroc;9.92
5914;Blanc    ;Marcelle  ;marcelle.blanc@example.com     ;21;Roussel                   ;Maroc;7.33
5917;Perez    ;Hortense  ;hortense.perez@example.com     ;20;Carlier-la-Forêt          ;Maroc;7.38
5947;Costa    ;Gabrielle ;gabrielle.costa@example.com    ;25;Lefebvre-sur-Grégoire     ;Maroc;7.43
5956;Leblanc  ;Pénélope  ;pénélope.leblanc@example.com   ;19;Maréchal-les-Bains        ;Maroc;8.32
5971;Baudry   ;Christelle;christelle.baudry@example.com  ;24;Samson                    ;Maroc;8.93
6001;Laporte  ;Emmanuelle;emmanuelle.laporte@example.com ;20;Jacob                     ;Maroc;9.58
6004;Ruiz     ;Éric      ;éric.ruiz@example.com          ;21;Pasquiernec               ;Maroc;7.36
6007;Allain   ;Alain     ;alain.allain@example.com       ;24;Huet                      ;Maroc;7.77
6031;Pereira  ;Céline    ;céline.pereira@example.com     ;23;Leclercq-sur-Bailly       ;Maroc;7.18
6043;Simon    ;Audrey    ;audrey.simon@example.com       ;25;Blin                      ;Maroc;7.76
6052;Rey      ;Suzanne   ;suzanne.rey@example.com        ;22;Lacroix                   ;Maroc;9.02
6058;Hardy    ;Lucas     ;lucas.hardy@example.com        ;19;Dumas                     ;Maroc;7.8
6079;Lombard  ;André     ;andré.lombard@example.com      ;20;Lelièvre                  ;Maroc;7.02
6091;Colin    ;Gérard    ;gérard.colin@example.com       ;25;Saint Arnaude             ;Maroc;9.02
6106;Paris    ;Philippe  ;philippe.paris@example.com     ;23;Roy                       ;Maroc;7.62
6115;Marty    ;Adrienne  ;adrienne.marty@example.com     ;19;Pottier                   ;Maroc;7.13
6118;Chartier ;Léon      ;léon.chartier@example.com      ;22;Morel                     ;Maroc;7.17
6121;Coste    ;Alice     ;alice.coste@example.com        ;21;Benard                    ;Maroc;9.64
6139;Delorme  ;Claude    ;claude.delorme@example.com     ;22;Bazin-les-Bains           ;Maroc;9.08
6145;Barbe    ;Claude    ;claude.barbe@example.com       ;20;Vasseur                   ;Maroc;8.58
6160;Bertin   ;Aimée     ;aimée.bertin@example.com       ;19;Saint Jérôme-la-Forêt     ;Maroc;7.64
6169;Roy      ;Manon     ;manon.roy@example.com          ;24;Sainte DanielBourg        ;Maroc;8.43
6187;Cohen    ;Isaac     ;isaac.cohen@example.com        ;18;Saint Sébastien-la-Forêt  ;Maroc;8.61
6193;Le Gall  ;Colette   ;colette.le gall@example.com    ;20;Saint Olivienec           ;Maroc;7.63
6226;Lucas    ;David     ;david.lucas@example.com        ;23;Saint Inèsnec             ;Maroc;8.23
6265;Normand  ;Catherine ;catherine.normand@example.com  ;25;Saint Jeannine            ;Maroc;7.18
6289;Neveu    ;Alix      ;alix.neveu@example.com         ;21;Chartier                  ;Maroc;8.7
6298;Lebon    ;Manon     ;manon.lebon@example.com        ;23;Paul                      ;Maroc;9.69
6307;Leblanc  ;Claudine  ;claudine.leblanc@example.com   ;21;Mercier                   ;Maroc;9.29
6310;Chevallie;Nathalie  ;nathalie.chevallier@example.com;19;Tanguy                    ;Maroc;9.08
6343;Tessier  ;Augustin  ;augustin.tessier@example.com   ;25;Saint Williamdan          ;Maroc;7.96
6349;Weber    ;Christophe;christophe.weber@example.com   ;25;Bousquet                  ;Maroc;9.31
6352;Pierre   ;Étienne   ;étienne.pierre@example.com     ;24;Gilletdan                 ;Maroc;8.76
6361;Rey      ;Zacharie  ;zacharie.rey@example.com       ;25;Sanchez                   ;Maroc;8.84
6379;Schneider;Adélaïde  ;adélaïde.schneider@example.com ;21;Rolland                   ;Maroc;9
6385;Brunel   ;Robert    ;robert.brunel@example.com      ;21;Saint Dianedan            ;Maroc;7.86
6394;Salmon   ;Jérôme    ;jérôme.salmon@example.com      ;18;Saint Christelle-les-Bains;Maroc;7.6
6412;Pinto    ;Christiane;christiane.pinto@example.com   ;19;Jourdan                   ;Maroc;8.54
6424;Lévêque  ;Théophile ;théophile.lévêque@example.com  ;18;Lopez-la-Forêt            ;Maroc;9.86
6466;Cohen    ;Renée     ;renée.cohen@example.com        ;19;Descamps                  ;Maroc;9.05
6475;Dubois   ;Julien    ;julien.dubois@example.com      ;21;Poulain                   ;Maroc;7.52
6478;Hernandez;Lorraine  ;lorraine.hernandez@example.com ;23;Rollandboeuf              ;Maroc;9.55
6481;Poirier  ;Zacharie  ;zacharie.poirier@example.com   ;22;Sainte Roger              ;Maroc;7.16
6508;Gay      ;Aurore    ;aurore.gay@example.com         ;24;Lambert                   ;Maroc;9.97
6517;Bonnet   ;Jeanne    ;jeanne.bonnet@example.com      ;23;Lemaire-sur-Camus         ;Maroc;8.04
6526;Salmon   ;Anastasie ;anastasie.salmon@example.com   ;22;Sainte Stéphanie          ;Maroc;8.81
6559;Martins  ;Dominique ;dominique.martins@example.com  ;23;Klein-les-Bains           ;Maroc;8
6562;Lemaire  ;Marcelle  ;marcelle.lemaire@example.com   ;19;Lopezboeuf                ;Maroc;7.83
6568;Hamon    ;Thibaut   ;thibaut.hamon@example.com      ;24;ValentinBourg             ;Maroc;9
6598;Ribeiro  ;Célina    ;célina.ribeiro@example.com     ;22;RuizVille                 ;Maroc;8.29
6634;Leduc    ;Henriette ;henriette.leduc@example.com    ;21;Lévy-la-Forêt             ;Maroc;9.6
6655;Hardy    ;Alain     ;alain.hardy@example.com        ;20;Saint Agnès               ;Maroc;8.66
6667;Berthelot;Auguste   ;auguste.berthelot@example.com  ;19;Pierrenec                 ;Maroc;9.32
6682;Nicolas  ;Olivie    ;olivie.nicolas@example.com     ;19;Sainte Noëlnec            ;Maroc;7.97
6703;Masson   ;Céline    ;céline.masson@example.com      ;24;Saint Valériedan          ;Maroc;7.39
6718;Reynaud  ;Thibaut   ;thibaut.reynaud@example.com    ;22;Richard                   ;Maroc;8.55
6727;Cordier  ;Dorothée  ;dorothée.cordier@example.com   ;20;LouisBourg                ;Maroc;8.59
6730;François ;Adélaïde  ;adélaïde.françois@example.com  ;24;Colin                     ;Maroc;8.36
6733;Regnier  ;Gilbert   ;gilbert.regnier@example.com    ;24;Saint Édith               ;Maroc;9.34
6736;Wagner   ;Victor    ;victor.wagner@example.com      ;19;Lopes                     ;Maroc;7.16
6754;Bouchet  ;Jules     ;jules.bouchet@example.com      ;18;Guillou                   ;Maroc;8.34
6820;Colas    ;Gilles    ;gilles.colas@example.com       ;22;LemonnierVille            ;Maroc;7.86
6826;Gonzalez ;Marthe    ;marthe.gonzalez@example.com    ;19;Fischer                   ;Maroc;9.81
6844;Gomez    ;Benjamin  ;benjamin.gomez@example.com     ;19;Peltiernec                ;Maroc;7.25
6847;Marques  ;Grégoire  ;grégoire.marques@example.com   ;22;Perrierdan                ;Maroc;7.63
6859;Bodin    ;Guy       ;guy.bodin@example.com          ;25;Guillaume-sur-Colin       ;Maroc;9.27
6868;Barbier  ;Timothée  ;timothée.barbier@example.com   ;25;Martins                   ;Maroc;8.76
6892;Marques  ;Dorothée  ;dorothée.marques@example.com   ;24;RiouVille                 ;Maroc;8.54
6919;Sauvage  ;Isaac     ;isaac.sauvage@example.com      ;22;Marchal                   ;Maroc;9.88
6940;Chauvet  ;Agnès     ;agnès.chauvet@example.com      ;24;Salmon-sur-Marques        ;Maroc;9.77
6943;Georges  ;Corinne   ;corinne.georges@example.com    ;20;Pruvost                   ;Maroc;8.23
6961;Besnard  ;Hortense  ;hortense.besnard@example.com   ;24;Roche                     ;Maroc;7.5
7024;Perrin   ;Robert    ;robert.perrin@example.com      ;23;Thibault-sur-Boulay       ;Maroc;7.25
7045;Perrot   ;Richard   ;richard.perrot@example.com     ;24;Robin                     ;Maroc;9.67
7087;Blot     ;Paul      ;paul.blot@example.com          ;22;Cousin                    ;Maroc;7.39
7111;Fernandez;Joseph    ;joseph.fernandez@example.com   ;20;Charrier                  ;Maroc;9.64
7123;Lopez    ;Noémi     ;noémi.lopez@example.com        ;20;Besnard                   ;Maroc;8.02
7135;Masse    ;Margaret  ;margaret.masse@example.com     ;25;Coulon                    ;Maroc;8.44
7141;Jacquot  ;Sébastien ;sébastien.jacquot@example.com  ;24;Sainte Pauline            ;Maroc;7.82
7144;Bernard  ;Édouard   ;édouard.bernard@example.com    ;19;PetitjeanVille            ;Maroc;9.63
7150;Marin    ;Matthieu  ;matthieu.marin@example.com     ;19;Becker-sur-Mahe           ;Maroc;8.14
7165;Grenier  ;Manon     ;manon.grenier@example.com      ;21;Sainte Nathalie-les-Bains ;Maroc;7.2
7210;Bertin   ;Andrée    ;andrée.bertin@example.com      ;19;Dufour                    ;Maroc;9.77
7213;Caron    ;Susanne   ;susanne.caron@example.com      ;19;Sainte Mathilde           ;Maroc;7.9
7264;Mahe     ;Sophie    ;sophie.mahe@example.com        ;21;Lebrun                    ;Maroc;7.44
7321;Boucher  ;Édouard   ;édouard.boucher@example.com    ;19;MasseBourg                ;Maroc;7.19
7336;Bruneau  ;Gilles    ;gilles.bruneau@example.com     ;25;Sainte Nathalie           ;Maroc;7.45
7339;Rousset  ;Aurélie   ;aurélie.rousset@example.com    ;18;Diallonec                 ;Maroc;9.75
7357;Vallée   ;Sabine    ;sabine.vallée@example.com      ;20;RamosBourg                ;Maroc;7.09
7393;Hebert   ;Noël      ;noël.hebert@example.com        ;25;Noël                      ;Maroc;8.45
7396;Cordier  ;Jeannine  ;jeannine.cordier@example.com   ;25;Guyon                     ;Maroc;7.16
7402;Lejeune  ;Maurice   ;maurice.lejeune@example.com    ;18;WagnerVille               ;Maroc;8.78
7411;Cordier  ;Nicolas   ;nicolas.cordier@example.com    ;21;Labbé                     ;Maroc;8.81
7426;Descamps ;Monique   ;monique.descamps@example.com   ;25;Vasseur-sur-Hamon         ;Maroc;9.33
7432;Fischer  ;Lucie     ;lucie.fischer@example.com      ;24;Saint Olivier             ;Maroc;8.06
7435;Giraud   ;Cécile    ;cécile.giraud@example.com      ;24;Imbert                    ;Maroc;8.77
7474;Pires    ;Agathe    ;agathe.pires@example.com       ;23;Saint Théodorenec         ;Maroc;7.92
7480;Martineau;Sylvie    ;sylvie.martineau@example.com   ;23;Marquesnec                ;Maroc;9.87
7495;Paul     ;Nath      ;nath.paul@example.com          ;21;Brunet-sur-Colas          ;Maroc;9.54
7504;Marchand ;Guillaume ;guillaume.marchand@example.com ;21;Ruiz-sur-Lefebvre         ;Maroc;7.03
7516;Pichon   ;Marie     ;marie.pichon@example.com       ;19;Saint Alix                ;Maroc;9.35
7519;Jourdan  ;Noël      ;noël.jourdan@example.com       ;25;Muller                    ;Maroc;9.89
7522;Leclerc  ;Édouard   ;édouard.leclerc@example.com    ;22;Dupontdan                 ;Maroc;9.42
7525;Gérard   ;Louis     ;louis.gérard@example.com       ;21;Roger                     ;Maroc;7.86
7531;Rey      ;Philippine;philippine.rey@example.com     ;25;Paris                     ;Maroc;9.47
7573;Marin    ;Gabrielle ;gabrielle.marin@example.com    ;23;Sainte Jeanneboeuf        ;Maroc;7.69
7579;Bertrand ;Margot    ;margot.bertrand@example.com    ;22;Sainte Anne               ;Maroc;8.92
7600;Marin    ;Céline    ;céline.marin@example.com       ;24;Mace                      ;Maroc;9.79
7603;Bonneau  ;Bertrand  ;bertrand.bonneau@example.com   ;21;Garcia                    ;Maroc;7.55
7606;Vaillant ;Jacqueline;jacqueline.vaillant@example.com;20;Noël-la-Forêt             ;Maroc;7.19
7615;Fernandes;Frédéric  ;frédéric.fernandes@example.com ;20;LopezVille                ;Maroc;8.55
7627;Bourgeois;Michelle  ;michelle.bourgeois@example.com ;23;Sainte Raymond            ;Maroc;9.23
7663;Berthelot;Bernadette;bernadette.berthelot@example.co;22;Torres-la-Forêt           ;Maroc;9.91
7714;Aubert   ;Sabine    ;sabine.aubert@example.com      ;21;Aubert-sur-Gilles         ;Maroc;9.13
7720;Gauthier ;Denise    ;denise.gauthier@example.com    ;22;Simonboeuf                ;Maroc;7.08
7747;Alexandre;Suzanne   ;suzanne.alexandre@example.com  ;23;GaillardBourg             ;Maroc;7.91
7750;Lelièvre ;Juliette  ;juliette.lelièvre@example.com  ;22;Bertindan                 ;Maroc;8.96
7756;Lebon    ;Augustin  ;augustin.lebon@example.com     ;23;Sainte Franck-la-Forêt    ;Maroc;9.91
7759;Maurice  ;Robert    ;robert.maurice@example.com     ;21;Brunet                    ;Maroc;8.8
7780;Maillot  ;Lucie     ;lucie.maillot@example.com      ;25;Sainte Emmanuel-sur-Mer   ;Maroc;8.02
7798;Garcia   ;Joséphine ;joséphine.garcia@example.com   ;22;Coste-la-Forêt            ;Maroc;8.8
7804;Gallet   ;Lucie     ;lucie.gallet@example.com       ;22;Carlier                   ;Maroc;9.48
7825;Fischer  ;Guy       ;guy.fischer@example.com        ;23;Perret                    ;Maroc;8.28
7852;Meyer    ;Louise    ;louise.meyer@example.com       ;21;Henry                     ;Maroc;9.29
7855;Merle    ;Guy       ;guy.merle@example.com          ;19;Toussaint                 ;Maroc;7.62
7888;Normand  ;Luce      ;luce.normand@example.com       ;20;BruneauVille              ;Maroc;8.66
7903;Bègue    ;Aurélie   ;aurélie.bègue@example.com      ;22;LamyBourg                 ;Maroc;9.23
7921;Nicolas  ;Agathe    ;agathe.nicolas@example.com     ;22;Sainte André-sur-Mer      ;Maroc;7.98
7924;Rey      ;Alexandre ;alexandre.rey@example.com      ;25;Baron                     ;Maroc;7.8
7927;Masse    ;René      ;rené.masse@example.com         ;21;Hebert                    ;Maroc;7.07
7939;Godard   ;Eugène    ;eugène.godard@example.com      ;20;Tessier-sur-Maury         ;Maroc;8.94
7948;Michaud  ;Dominique ;dominique.michaud@example.com  ;24;Sainte Éric               ;Maroc;8.33
7966;Jacob    ;Noémi     ;noémi.jacob@example.com        ;25;Gillet-la-Forêt           ;Maroc;7.1
7981;Lemoine  ;Marcel    ;marcel.lemoine@example.com     ;22;GeorgesBourg              ;Maroc;8.7
7993;Mallet   ;Tristan   ;tristan.mallet@example.com     ;23;Barbe-les-Bains           ;Maroc;7.93
8011;Huet     ;Alain     ;alain.huet@example.com         ;21;Coulon                    ;Maroc;7.12
8014;Clerc    ;Noémi     ;noémi.clerc@example.com        ;23;Langloisdan               ;Maroc;7.8
8017;Marin    ;Claire    ;claire.marin@example.com       ;19;Ollivierdan               ;Maroc;7.56
8029;Perrier  ;Jean      ;jean.perrier@example.com       ;25;Pelletiernec              ;Maroc;8.65
8035;Baudry   ;Cécile    ;cécile.baudry@example.com      ;19;Rey                       ;Maroc;8.94
8053;Valentin ;Frédérique;frédérique.valentin@example.com;18;Boutin                    ;Maroc;7.48
8056;Dupont   ;Jean      ;jean.dupont@example.com        ;19;Durandnec                 ;Maroc;7.19
8059;Gaillard ;Zacharie  ;zacharie.gaillard@example.com  ;18;Pineau                    ;Maroc;9
8062;Leclerc  ;Joséphine ;joséphine.leclerc@example.com  ;22;Allain                    ;Maroc;9.01
8065;Guyon    ;Jacques   ;jacques.guyon@example.com      ;20;Marchand-sur-Sauvage      ;Maroc;9.09
8077;Blondel  ;William   ;william.blondel@example.com    ;22;CordierVille              ;Maroc;9.88
8080;Delahaye ;Céline    ;céline.delahaye@example.com    ;20;Lebreton-la-Forêt         ;Maroc;7.72
8107;Seguin   ;Matthieu  ;matthieu.seguin@example.com    ;18;Brunet-la-Forêt           ;Maroc;8.03
8197;Chauveau ;Lucy      ;lucy.chauveau@example.com      ;20;Barthelemy-sur-Mer        ;Maroc;9.1
8206;Masson   ;Patricia  ;patricia.masson@example.com    ;20;Blanchard                 ;Maroc;7.71
8257;Richard  ;Célina    ;célina.richard@example.com     ;25;Rodriguez                 ;Maroc;8.19
8260;Brunet   ;Victoire  ;victoire.brunet@example.com    ;21;Saint Georges             ;Maroc;8.44
8269;Cohen    ;Agnès     ;agnès.cohen@example.com        ;21;Faivre                    ;Maroc;9.51
8302;Salmon   ;Louis     ;louis.salmon@example.com       ;20;Sainte Paul               ;Maroc;7.13
8311;Fontaine ;Lucas     ;lucas.fontaine@example.com     ;25;Toussaint                 ;Maroc;7.7
8323;Dufour   ;Louis     ;louis.dufour@example.com       ;18;Gaudin                    ;Maroc;8.68
8326;Poirier  ;Suzanne   ;suzanne.poirier@example.com    ;22;Saint Josettenec          ;Maroc;9.81
8350;Hervé    ;Nicole    ;nicole.hervé@example.com       ;20;Le Roux                   ;Maroc;8.75
8371;Didier   ;Caroline  ;caroline.didier@example.com    ;24;Hervé                     ;Maroc;8.03
8380;Lemaître ;Émilie    ;émilie.lemaître@example.com    ;23;Mahe                      ;Maroc;9.73
8392;Maurice  ;Isaac     ;isaac.maurice@example.com      ;22;Guérin-la-Forêt           ;Maroc;7.86
8419;Bourgeois;Julie     ;julie.bourgeois@example.com    ;22;Vincentboeuf              ;Maroc;7.71
8425;Delaunay ;Jacques   ;jacques.delaunay@example.com   ;19;Saint Claude              ;Maroc;8.81
8428;Barbe    ;Élodie    ;élodie.barbe@example.com       ;20;Courtois-sur-Martinez     ;Maroc;9.91
8443;Lemoine  ;Bernard   ;bernard.lemoine@example.com    ;25;Descamps-sur-Mer          ;Maroc;9.77
8446;Vallet   ;Édith     ;édith.vallet@example.com       ;22;Chartier-sur-Mer          ;Maroc;7.83
8458;Adam     ;Marine    ;marine.adam@example.com        ;18;Hernandez                 ;Maroc;9.79
8461;Dupuy    ;Laetitia  ;laetitia.dupuy@example.com     ;19;Mahe-sur-Boulay           ;Maroc;9.3
8479;Pasquier ;Margot    ;margot.pasquier@example.com    ;18;Costa                     ;Maroc;8.43
8482;Courtois ;Olivie    ;olivie.courtois@example.com    ;25;Maillard                  ;Maroc;9.32
8497;Faure    ;Audrey    ;audrey.faure@example.com       ;19;Grégoire                  ;Maroc;7.1
8563;Julien   ;Marianne  ;marianne.julien@example.com    ;24;Gayboeuf                  ;Maroc;7.55
8566;Carre    ;Rémy      ;rémy.carre@example.com         ;22;Chevalier                 ;Maroc;8.7
8569;Georges  ;Véronique ;véronique.georges@example.com  ;22;Pierre                    ;Maroc;9.23
8584;Dumas    ;Julie     ;julie.dumas@example.com        ;21;Legendre                  ;Maroc;7.88
8596;Blin     ;Stéphane  ;stéphane.blin@example.com      ;22;Pelletier-la-Forêt        ;Maroc;9.92
8614;Rémy     ;Agnès     ;agnès.rémy@example.com         ;18;Henry                     ;Maroc;7.33
8647;Neveu    ;Zacharie  ;zacharie.neveu@example.com     ;25;Nguyen-la-Forêt           ;Maroc;8.69
8656;Noël     ;Laurent   ;laurent.noël@example.com       ;24;Robindan                  ;Maroc;9.02
8695;Paris    ;Jacqueline;jacqueline.paris@example.com   ;22;Germain                   ;Maroc;9.5
8698;Reynaud  ;Alexandria;alexandria.reynaud@example.com ;22;Sainte ClémenceBourg      ;Maroc;9.5
8701;Pierre   ;Pierre    ;pierre.pierre@example.com      ;25;Baudry-sur-Robert         ;Maroc;8.78
8704;Thibault ;Colette   ;colette.thibault@example.com   ;25;Gros                      ;Maroc;7.98
8707;Lambert  ;Christiane;christiane.lambert@example.com ;18;Raynaud                   ;Maroc;8.74
8728;Guérin   ;Aimée     ;aimée.guérin@example.com       ;21;Roux                      ;Maroc;9.56
8734;Colin    ;Mathilde  ;mathilde.colin@example.com     ;18;Michaud-sur-Antoine       ;Maroc;7.75
8740;Alves    ;Joseph    ;joseph.alves@example.com       ;23;Courtoisboeuf             ;Maroc;9.88
8743;Guérin   ;Marcelle  ;marcelle.guérin@example.com    ;25;Cousin-sur-Maillot        ;Maroc;8.94
8761;Valentin ;Vincent   ;vincent.valentin@example.com   ;25;Ferrand                   ;Maroc;9.88
8767;Bertrand ;Sylvie    ;sylvie.bertrand@example.com    ;23;Weiss                     ;Maroc;8.98
8770;Jean     ;Astrid    ;astrid.jean@example.com        ;20;Millet-sur-Salmon         ;Maroc;7.87
8776;Guillon  ;Marthe    ;marthe.guillon@example.com     ;23;Michaud-sur-Mer           ;Maroc;7.78
8800;Denis    ;Pénélope  ;pénélope.denis@example.com     ;19;Gonzalez-les-Bains        ;Maroc;7.27
8839;Merle    ;Madeleine ;madeleine.merle@example.com    ;18;Bousquet-sur-Fernandes    ;Maroc;9.04
8845;Pages    ;Raymond   ;raymond.pages@example.com      ;21;Saint Charles             ;Maroc;9.79
8860;Morvan   ;Margot    ;margot.morvan@example.com      ;21;Delorme-sur-Rolland       ;Maroc;9.59
8863;Joseph   ;Alfred    ;alfred.joseph@example.com      ;19;Becker-sur-Mer            ;Maroc;7.58
8875;Nguyen   ;Christiane;christiane.nguyen@example.com  ;23;Sainte Augustin-la-Forêt  ;Maroc;8.53
8887;Guillon  ;Jean      ;jean.guillon@example.com       ;20;Benoit                    ;Maroc;9.89
8890;Joubert  ;Édith     ;édith.joubert@example.com      ;25;Jacquot                   ;Maroc;7.95
8893;Hernandez;Théophile ;théophile.hernandez@example.com;19;Saint Émiliedan           ;Maroc;9.68
8911;Dufour   ;Thérèse   ;thérèse.dufour@example.com     ;21;Dijouxnec                 ;Maroc;9.06
8932;Roussel  ;Alain     ;alain.roussel@example.com      ;23;Saint Carolinedan         ;Maroc;7.24
8935;De Sousa ;Dorothée  ;dorothée.de sousa@example.com  ;20;Hebert                    ;Maroc;9.48
8947;Gallet   ;Théodore  ;théodore.gallet@example.com    ;21;LecoqVille                ;Maroc;8.5
8959;Baudry   ;Jean      ;jean.baudry@example.com        ;19;Devaux-sur-Marin          ;Maroc;9.27
8989;Albert   ;Martin    ;martin.albert@example.com      ;24;Chevalier-la-Forêt        ;Maroc;8.02
8992;Brunel   ;Sabine    ;sabine.brunel@example.com      ;23;Chevallier                ;Maroc;9.82
9037;Petitjean;Susanne   ;susanne.petitjean@example.com  ;21;Sainte Claudinenec        ;Maroc;8.29
9043;Coulon   ;Alexandrie;alexandrie.coulon@example.com  ;22;Sainte Renée              ;Maroc;9.16
9079;Fleury   ;Christelle;christelle.fleury@example.com  ;20;Guichard                  ;Maroc;8.08
9085;Maillard ;Alain     ;alain.maillard@example.com     ;21;Saint Julien              ;Maroc;8.14
9121;Mallet   ;Adélaïde  ;adélaïde.mallet@example.com    ;20;Fouquet                   ;Maroc;7.63
9127;Perrier  ;Stéphane  ;stéphane.perrier@example.com   ;25;Leblanc                   ;Maroc;9.26
9154;Pichon   ;Nathalie  ;nathalie.pichon@example.com    ;22;Carpentier                ;Maroc;8.77
9160;Barthelem;Victoire  ;victoire.barthelemy@example.com;23;Gilles                    ;Maroc;7.26
9163;Morin    ;Marthe    ;marthe.morin@example.com       ;25;Pineau                    ;Maroc;7.72
9166;Gaudin   ;Édith     ;édith.gaudin@example.com       ;20;Gaillard                  ;Maroc;7.15
9175;Menard   ;Marcel    ;marcel.menard@example.com      ;25;Dumont-sur-Mer            ;Maroc;8.17
9187;Seguin   ;Josette   ;josette.seguin@example.com     ;23;GautierVille              ;Maroc;8.1
9193;Pereira  ;Chantal   ;chantal.pereira@example.com    ;20;LenoirVille               ;Maroc;9.49
9202;Teixeira ;Valentine ;valentine.teixeira@example.com ;23;Boulaynec                 ;Maroc;9.7
9205;Ferrand  ;David     ;david.ferrand@example.com      ;20;Benard                    ;Maroc;8.7
9217;Delorme  ;Nicole    ;nicole.delorme@example.com     ;18;Mathieu-sur-Torres        ;Maroc;7.45
9226;Samson   ;Mathilde  ;mathilde.samson@example.com    ;18;Lelièvre-les-Bains        ;Maroc;7.02
9277;Leroux   ;Théodore  ;théodore.leroux@example.com    ;19;Boulay                    ;Maroc;8.28
9283;Diaz     ;Nathalie  ;nathalie.diaz@example.com      ;25;Allainboeuf               ;Maroc;9.61
9286;Pelletier;Valérie   ;valérie.pelletier@example.com  ;23;Lagarde-sur-Dubois        ;Maroc;9.71
9313;Munoz    ;Constance ;constance.munoz@example.com    ;22;Masse                     ;Maroc;7.68
9331;Techer   ;Paulette  ;paulette.techer@example.com    ;21;Saint Emmanuel            ;Maroc;7.55
9349;Gilles   ;Xavier    ;xavier.gilles@example.com      ;24;Saint Michelle            ;Maroc;9.97
9355;Bodin    ;Raymond   ;raymond.bodin@example.com      ;21;Reynaudboeuf              ;Maroc;9.78
9373;Ruiz     ;Zoé       ;zoé.ruiz@example.com           ;21;Saint PhilippeVille       ;Maroc;9.6
9376;Ollivier ;Alex      ;alex.ollivier@example.com      ;21;Clément                   ;Maroc;9.66
9379;Dupuy    ;Marcel    ;marcel.dupuy@example.com       ;21;Laporte                   ;Maroc;9.04
9391;Lévêque  ;Madeleine ;madeleine.lévêque@example.com  ;18;Renaud                    ;Maroc;9.4
9397;Evrard   ;Julie     ;julie.evrard@example.com       ;23;Lebrunnec                 ;Maroc;7.61
9418;Schneider;Arnaude   ;arnaude.schneider@example.com  ;25;Arnaud                    ;Maroc;9.04
9421;Brunel   ;Margaret  ;margaret.brunel@example.com    ;25;Grondin                   ;Maroc;7.86
9430;Legendre ;Julien    ;julien.legendre@example.com    ;25;Jacquot                   ;Maroc;8.86
9439;Evrard   ;Olivier   ;olivier.evrard@example.com     ;23;Saint Louise              ;Maroc;9.1
9457;Rolland  ;Paulette  ;paulette.rolland@example.com   ;20;Reynauddan                ;Maroc;7.8
9466;Michel   ;Maurice   ;maurice.michel@example.com     ;22;Coulon                    ;Maroc;7.95
9499;Texier   ;Cécile    ;cécile.texier@example.com      ;24;Sainte Simone             ;Maroc;9.29
9502;Texier   ;Guillaume ;guillaume.texier@example.com   ;22;Hoaraunec                 ;Maroc;7.85
9514;Marin    ;Jean      ;jean.marin@example.com         ;18;Rolland                   ;Maroc;8.34
9541;Verdier  ;Jérôme    ;jérôme.verdier@example.com     ;24;Dos Santos                ;Maroc;7.25
9550;Marin    ;Michelle  ;michelle.marin@example.com     ;24;Mathieu                   ;Maroc;7.57
9553;Paul     ;Richard   ;richard.paul@example.com       ;24;David-sur-Boucher         ;Maroc;8.07
9559;Maury    ;Danielle  ;danielle.maury@example.com     ;21;Sainte Bertrand           ;Maroc;7.94
9568;Baron    ;Catherine ;catherine.baron@example.com    ;24;Maréchalnec               ;Maroc;7.94
9577;Berger   ;Martin    ;martin.berger@example.com      ;23;Chauvin                   ;Maroc;7.14
9625;Godard   ;Gilbert   ;gilbert.godard@example.com     ;20;Barthelemy-la-Forêt       ;Maroc;9.02
9664;Traore   ;Luce      ;luce.traore@example.com        ;18;Vaillantboeuf             ;Maroc;9.75
9706;Brun     ;Christine ;christine.brun@example.com     ;22;Carlier                   ;Maroc;7.59
9709;Royer    ;Bernadette;bernadette.royer@example.com   ;20;Sainte Christine-sur-Mer  ;Maroc;7.12
9724;Texier   ;Juliette  ;juliette.texier@example.com    ;24;Loiseau-les-Bains         ;Maroc;9.49
9727;Diaz     ;Richard   ;richard.diaz@example.com       ;23;Saint Marguerite          ;Maroc;9.85
9733;Guyot    ;Émile     ;émile.guyot@example.com        ;19;Pereira-sur-Perrin        ;Maroc;8.68
9778;Lemaire  ;Benoît    ;benoît.lemaire@example.com     ;19;Masson-la-Forêt           ;Maroc;8.09
9787;Martins  ;Adèle     ;adèle.martins@example.com      ;23;Lopez                     ;Maroc;7.73
9793;Duval    ;Henri     ;henri.duval@example.com        ;20;Hamel                     ;Maroc;7.3
9811;Alves    ;Alphonse  ;alphonse.alves@example.com     ;19;Collindan                 ;Maroc;9.69
9835;Merle    ;Véronique ;véronique.merle@example.com    ;19;Guillon                   ;Maroc;7.19
9841;Laine    ;Édith     ;édith.laine@example.com        ;23;Gérard-sur-Fontaine       ;Maroc;7.74
9886;Rivière  ;Guillaume ;guillaume.rivière@example.com  ;19;Laurentdan                ;Maroc;8.87
9892;Fischer  ;Susanne   ;susanne.fischer@example.com    ;22;Daniel                    ;Maroc;9.74
9901;Morvan   ;Adrien    ;adrien.morvan@example.com      ;21;Jacquet                   ;Maroc;7.13
9910;Maillard ;Théophile ;théophile.maillard@example.com ;19;GosselinVille             ;Maroc;8.53
9913;Guérin   ;Andrée    ;andrée.guérin@example.com      ;23;Evrardnec                 ;Maroc;9.33
9916;Jourdan  ;Robert    ;robert.jourdan@example.com     ;22;Allain                    ;Maroc;7.49
9928;Andre    ;Nath      ;nath.andre@example.com         ;20;NeveuBourg                ;Maroc;7.45
9961;Noël     ;Isabelle  ;isabelle.noël@example.com      ;23;Sanchez                   ;Maroc;9.49
9991;Étienne  ;Thibault  ;thibault.étienne@example.com   ;19;Tessier-sur-Teixeira      ;Maroc;9.91
9997;Picard   ;Georges   ;georges.picard@example.com     ;23;Lambert                   ;Maroc;7.75
