id;nom;prenom;email;age;ville;pays;age_tranche
30;Renard   ;Benoit   ;benoit.renard@example.com   ;43;Poitiers        ;France;Adulte    
28;Fontaine ;Mathieu  ;mathieu.fontaine@example.com;36;Perpignan       ;France;Adulte    
26;Lemoine  ;Adrien   ;adrien.lemoine@example.com  ;38;Caen            ;France;Adulte    
24;Legrand  ;Camille  ;camille.legrand@example.com ;31;Brest           ;France;Adulte    
22;Richard  ;Alice    ;alice.richard@example.com   ;33;Amiens          ;France;Adulte    
20;Michel   ;Sarah    ;sarah.michel@example.com    ;24;Limoges         ;France;Jeune     
18;Marchand ;Elodie   ;elodie.marchand@example.com ;40;Nîmes           ;France;Adulte    
16;Riviere  ;Manon    ;manon.riviere@example.com   ;32;Dijon           ;France;Adulte    
14;Blanc    ;Chloe    ;chloe.blanc@example.com     ;39;Toulon          ;France;Adulte    
12;Faure    ;Laura    ;laura.faure@example.com     ;31;Le Havre        ;France;Adulte    
10;Fournier ;Emma     ;emma.fournier@example.com   ;27;Reims           ;France;Jeune     
8;Girard   ;Marie    ;marie.girard@example.com    ;33;Montpellier     ;France;Adulte    
6;Moreau   ;Julie    ;julie.moreau@example.com    ;30;Strasbourg      ;France;Adulte    
4;Bernard  ;Sophie   ;sophie.bernard@example.com  ;25;Toulouse        ;France;Jeune     
2;Martin   ;Claire   ;claire.martin@example.com   ;28;Lyon            ;France;Jeune     
