id,nom,prenom,email,age,ville,pays
1,Dupont,Jean,jean.dupont@example.com,34,Paris,France
2,Martin,Claire,claire.martin@example.com,28,Lyon,France
3,Lefevre,Thomas,thomas.lefevre@example.com,41,Marseille,France
4,Bernard,Sophie,sophie.bernard@example.com,25,Toulouse,France
5,Roux,Luc,luc.roux@example.com,38,Nantes,France
6,Moreau,Julie,julie.moreau@example.com,30,Strasbourg,France
7,Petit,Alexandre,alex.petit@example.com,29,Bordeaux,France
8,Girard,Marie,marie.girard@example.com,33,Montpellier,France
9,Garcia,Paul,paul.garcia@example.com,36,Lille,France
10,Fournier,Emma,emma.fournier@example.com,27,Reims,France
11,Chevalier,Louis,louis.chevalier@example.com,44,Rennes,France
12,Faure,Laura,laura.faure@example.com,31,Le Havre,France
13,Lopez,Antoine,antoine.lopez@example.com,26,Saint-Étienne,France
14,Blanc,Chloe,chloe.blanc@example.com,39,Toulon,France
15,Henry,Lucas,lucas.henry@example.com,35,Grenoble,France
16,Riviere,Manon,manon.riviere@example.com,32,Dijon,France
17,Barbier,Maxime,maxime.barbier@example.com,37,Angers,France
18,Marchand,Elodie,elodie.marchand@example.com,40,Nîmes,France
19,Perrot,Julien,julien.perrot@example.com,42,Clermont-Ferrand,France
20,Michel,Sarah,sarah.michel@example.com,24,Limoges,France
21,David,Nicolas,nicolas.david@example.com,28,Tours,France
22,Richard,Alice,alice.richard@example.com,33,Amiens,France
23,Schneider,Victor,victor.schneider@example.com,29,Metz,France
24,Legrand,Camille,camille.legrand@example.com,31,Brest,France
25,Gaillard,Elise,elise.gaillard@example.com,27,Orléans,France
26,Lemoine,Adrien,adrien.lemoine@example.com,38,Caen,France
27,Dupuy,Inès,ines.dupuy@example.com,34,Besancon,France
28,Fontaine,Mathieu,mathieu.fontaine@example.com,36,Perpignan,France
29,Gonzalez,Léa,lea.gonzalez@example.com,30,Avignon,France
30,Renard,Benoit,benoit.renard@example.com,43,Poitiers,France
